prompt_id,prompt_position,prompt_position_1based,char_j,median_time_to_first_correct_ms,median_time_to_stability_ms,median_revisions,mean_wrong_first,mean_local_friction,prompt_text,prompt_family
P14,0,1,ส,1187.5,1187.5,0.0,0.038461538461538464,0.5680229787015286,สวัสดีคุณชาคริษฐ์ วันนี้เราขอให้คุณจัดทำหนังสือเรื่องการสอนภาษาไทยสำหรับนักเรียนชั้นมัธยมศึกษาปีที่ ๖ เพื่อเป็นวิทยาทานแก่โรงเรียนในเครือพันธมิตร,long_mixed_difficulty
P14,1,2,ว,1860.0,2013.0,0.0,0.15384615384615385,-0.26436901720304495,สวัสดีคุณชาคริษฐ์ วันนี้เราขอให้คุณจัดทำหนังสือเรื่องการสอนภาษาไทยสำหรับนักเรียนชั้นมัธยมศึกษาปีที่ ๖ เพื่อเป็นวิทยาทานแก่โรงเรียนในเครือพันธมิตร,long_mixed_difficulty
P14,2,3,ั,2588.5,2588.5,0.0,0.2692307692307692,0.028715204815760096,สวัสดีคุณชาคริษฐ์ วันนี้เราขอให้คุณจัดทำหนังสือเรื่องการสอนภาษาไทยสำหรับนักเรียนชั้นมัธยมศึกษาปีที่ ๖ เพื่อเป็นวิทยาทานแก่โรงเรียนในเครือพันธมิตร,long_mixed_difficulty
P14,3,4,ส,2927.0,2927.0,0.0,0.15384615384615385,-0.19673788943890078,สวัสดีคุณชาคริษฐ์ วันนี้เราขอให้คุณจัดทำหนังสือเรื่องการสอนภาษาไทยสำหรับนักเรียนชั้นมัธยมศึกษาปีที่ ๖ เพื่อเป็นวิทยาทานแก่โรงเรียนในเครือพันธมิตร,long_mixed_difficulty
P14,4,5,ด,3283.0,3283.0,0.0,0.07692307692307693,0.21114527859352922,สวัสดีคุณชาคริษฐ์ วันนี้เราขอให้คุณจัดทำหนังสือเรื่องการสอนภาษาไทยสำหรับนักเรียนชั้นมัธยมศึกษาปีที่ ๖ เพื่อเป็นวิทยาทานแก่โรงเรียนในเครือพันธมิตร,long_mixed_difficulty
P14,5,6,ี,3542.5,3542.5,0.0,0.11538461538461539,-0.2203864735825679,สวัสดีคุณชาคริษฐ์ วันนี้เราขอให้คุณจัดทำหนังสือเรื่องการสอนภาษาไทยสำหรับนักเรียนชั้นมัธยมศึกษาปีที่ ๖ เพื่อเป็นวิทยาทานแก่โรงเรียนในเครือพันธมิตร,long_mixed_difficulty
P14,6,7,ค,4167.0,4167.0,0.0,0.07692307692307693,0.12578124098233195,สวัสดีคุณชาคริษฐ์ วันนี้เราขอให้คุณจัดทำหนังสือเรื่องการสอนภาษาไทยสำหรับนักเรียนชั้นมัธยมศึกษาปีที่ ๖ เพื่อเป็นวิทยาทานแก่โรงเรียนในเครือพันธมิตร,long_mixed_difficulty
P14,7,8,ุ,4332.5,4332.5,0.0,0.0,-0.1260661080189901,สวัสดีคุณชาคริษฐ์ วันนี้เราขอให้คุณจัดทำหนังสือเรื่องการสอนภาษาไทยสำหรับนักเรียนชั้นมัธยมศึกษาปีที่ ๖ เพื่อเป็นวิทยาทานแก่โรงเรียนในเครือพันธมิตร,long_mixed_difficulty
P14,8,9,ณ,4917.0,4917.0,0.0,0.07692307692307693,0.21658794702372072,สวัสดีคุณชาคริษฐ์ วันนี้เราขอให้คุณจัดทำหนังสือเรื่องการสอนภาษาไทยสำหรับนักเรียนชั้นมัธยมศึกษาปีที่ ๖ เพื่อเป็นวิทยาทานแก่โรงเรียนในเครือพันธมิตร,long_mixed_difficulty
P14,9,10,ช,6272.0,6272.0,0.0,0.038461538461538464,0.3126803368269808,สวัสดีคุณชาคริษฐ์ วันนี้เราขอให้คุณจัดทำหนังสือเรื่องการสอนภาษาไทยสำหรับนักเรียนชั้นมัธยมศึกษาปีที่ ๖ เพื่อเป็นวิทยาทานแก่โรงเรียนในเครือพันธมิตร,long_mixed_difficulty
P14,10,11,า,6570.0,6570.0,0.0,0.07692307692307693,-0.02483646784032661,สวัสดีคุณชาคริษฐ์ วันนี้เราขอให้คุณจัดทำหนังสือเรื่องการสอนภาษาไทยสำหรับนักเรียนชั้นมัธยมศึกษาปีที่ ๖ เพื่อเป็นวิทยาทานแก่โรงเรียนในเครือพันธมิตร,long_mixed_difficulty
P14,11,12,ค,7208.5,7208.5,0.0,0.038461538461538464,0.09788734968431083,สวัสดีคุณชาคริษฐ์ วันนี้เราขอให้คุณจัดทำหนังสือเรื่องการสอนภาษาไทยสำหรับนักเรียนชั้นมัธยมศึกษาปีที่ ๖ เพื่อเป็นวิทยาทานแก่โรงเรียนในเครือพันธมิตร,long_mixed_difficulty
P14,12,13,ร,7678.0,7971.5,0.0,0.07692307692307693,-0.2084449463827015,สวัสดีคุณชาคริษฐ์ วันนี้เราขอให้คุณจัดทำหนังสือเรื่องการสอนภาษาไทยสำหรับนักเรียนชั้นมัธยมศึกษาปีที่ ๖ เพื่อเป็นวิทยาทานแก่โรงเรียนในเครือพันธมิตร,long_mixed_difficulty
P14,13,14,ิ,8398.0,8398.0,0.0,0.11538461538461539,0.05576111571815593,สวัสดีคุณชาคริษฐ์ วันนี้เราขอให้คุณจัดทำหนังสือเรื่องการสอนภาษาไทยสำหรับนักเรียนชั้นมัธยมศึกษาปีที่ ๖ เพื่อเป็นวิทยาทานแก่โรงเรียนในเครือพันธมิตร,long_mixed_difficulty
P14,14,15,ษ,9617.0,9617.0,0.0,0.23076923076923078,0.2989297291860089,สวัสดีคุณชาคริษฐ์ วันนี้เราขอให้คุณจัดทำหนังสือเรื่องการสอนภาษาไทยสำหรับนักเรียนชั้นมัธยมศึกษาปีที่ ๖ เพื่อเป็นวิทยาทานแก่โรงเรียนในเครือพันธมิตร,long_mixed_difficulty
P14,15,16,ฐ,11348.0,11348.0,0.0,0.11538461538461539,0.5515345489791582,สวัสดีคุณชาคริษฐ์ วันนี้เราขอให้คุณจัดทำหนังสือเรื่องการสอนภาษาไทยสำหรับนักเรียนชั้นมัธยมศึกษาปีที่ ๖ เพื่อเป็นวิทยาทานแก่โรงเรียนในเครือพันธมิตร,long_mixed_difficulty
P14,16,17,์,11823.5,11823.5,0.0,0.11538461538461539,0.3320125612926524,สวัสดีคุณชาคริษฐ์ วันนี้เราขอให้คุณจัดทำหนังสือเรื่องการสอนภาษาไทยสำหรับนักเรียนชั้นมัธยมศึกษาปีที่ ๖ เพื่อเป็นวิทยาทานแก่โรงเรียนในเครือพันธมิตร,long_mixed_difficulty
P14,17,18, ,12638.5,12638.5,0.0,0.15384615384615385,0.18228482984660133,สวัสดีคุณชาคริษฐ์ วันนี้เราขอให้คุณจัดทำหนังสือเรื่องการสอนภาษาไทยสำหรับนักเรียนชั้นมัธยมศึกษาปีที่ ๖ เพื่อเป็นวิทยาทานแก่โรงเรียนในเครือพันธมิตร,long_mixed_difficulty
P14,18,19,ว,13420.0,13420.0,0.0,0.19230769230769232,0.024989288944237895,สวัสดีคุณชาคริษฐ์ วันนี้เราขอให้คุณจัดทำหนังสือเรื่องการสอนภาษาไทยสำหรับนักเรียนชั้นมัธยมศึกษาปีที่ ๖ เพื่อเป็นวิทยาทานแก่โรงเรียนในเครือพันธมิตร,long_mixed_difficulty
P14,19,20,ั,13604.0,13604.0,0.0,0.07692307692307693,-0.15910104061817637,สวัสดีคุณชาคริษฐ์ วันนี้เราขอให้คุณจัดทำหนังสือเรื่องการสอนภาษาไทยสำหรับนักเรียนชั้นมัธยมศึกษาปีที่ ๖ เพื่อเป็นวิทยาทานแก่โรงเรียนในเครือพันธมิตร,long_mixed_difficulty
P14,20,21,น,13760.5,13760.5,0.0,0.07692307692307693,-0.2687199022292272,สวัสดีคุณชาคริษฐ์ วันนี้เราขอให้คุณจัดทำหนังสือเรื่องการสอนภาษาไทยสำหรับนักเรียนชั้นมัธยมศึกษาปีที่ ๖ เพื่อเป็นวิทยาทานแก่โรงเรียนในเครือพันธมิตร,long_mixed_difficulty
P14,21,22,น,13881.5,13881.5,0.0,0.038461538461538464,-0.3740601531299068,สวัสดีคุณชาคริษฐ์ วันนี้เราขอให้คุณจัดทำหนังสือเรื่องการสอนภาษาไทยสำหรับนักเรียนชั้นมัธยมศึกษาปีที่ ๖ เพื่อเป็นวิทยาทานแก่โรงเรียนในเครือพันธมิตร,long_mixed_difficulty
P14,22,23,ี,14171.5,14171.5,0.0,0.038461538461538464,-0.23528772606782394,สวัสดีคุณชาคริษฐ์ วันนี้เราขอให้คุณจัดทำหนังสือเรื่องการสอนภาษาไทยสำหรับนักเรียนชั้นมัธยมศึกษาปีที่ ๖ เพื่อเป็นวิทยาทานแก่โรงเรียนในเครือพันธมิตร,long_mixed_difficulty
P14,23,24,้,14342.5,14342.5,0.0,0.0,-0.32097695290900696,สวัสดีคุณชาคริษฐ์ วันนี้เราขอให้คุณจัดทำหนังสือเรื่องการสอนภาษาไทยสำหรับนักเรียนชั้นมัธยมศึกษาปีที่ ๖ เพื่อเป็นวิทยาทานแก่โรงเรียนในเครือพันธมิตร,long_mixed_difficulty
P14,24,25,เ,15512.5,15512.5,0.0,0.07692307692307693,-0.023456445397242825,สวัสดีคุณชาคริษฐ์ วันนี้เราขอให้คุณจัดทำหนังสือเรื่องการสอนภาษาไทยสำหรับนักเรียนชั้นมัธยมศึกษาปีที่ ๖ เพื่อเป็นวิทยาทานแก่โรงเรียนในเครือพันธมิตร,long_mixed_difficulty
P14,25,26,ร,15633.0,15633.0,0.0,0.038461538461538464,-0.3024674018125014,สวัสดีคุณชาคริษฐ์ วันนี้เราขอให้คุณจัดทำหนังสือเรื่องการสอนภาษาไทยสำหรับนักเรียนชั้นมัธยมศึกษาปีที่ ๖ เพื่อเป็นวิทยาทานแก่โรงเรียนในเครือพันธมิตร,long_mixed_difficulty
P14,26,27,า,15816.0,15816.0,0.0,0.038461538461538464,-0.27902873993578886,สวัสดีคุณชาคริษฐ์ วันนี้เราขอให้คุณจัดทำหนังสือเรื่องการสอนภาษาไทยสำหรับนักเรียนชั้นมัธยมศึกษาปีที่ ๖ เพื่อเป็นวิทยาทานแก่โรงเรียนในเครือพันธมิตร,long_mixed_difficulty
P14,27,28,ข,16188.0,16188.0,0.0,0.07692307692307693,0.11050545898431809,สวัสดีคุณชาคริษฐ์ วันนี้เราขอให้คุณจัดทำหนังสือเรื่องการสอนภาษาไทยสำหรับนักเรียนชั้นมัธยมศึกษาปีที่ ๖ เพื่อเป็นวิทยาทานแก่โรงเรียนในเครือพันธมิตร,long_mixed_difficulty
P14,28,29,อ,16732.0,16732.0,0.0,0.07692307692307693,-0.05929399689052471,สวัสดีคุณชาคริษฐ์ วันนี้เราขอให้คุณจัดทำหนังสือเรื่องการสอนภาษาไทยสำหรับนักเรียนชั้นมัธยมศึกษาปีที่ ๖ เพื่อเป็นวิทยาทานแก่โรงเรียนในเครือพันธมิตร,long_mixed_difficulty
P14,29,30,ใ,17058.0,17058.0,0.0,0.07692307692307693,0.10598388442611786,สวัสดีคุณชาคริษฐ์ วันนี้เราขอให้คุณจัดทำหนังสือเรื่องการสอนภาษาไทยสำหรับนักเรียนชั้นมัธยมศึกษาปีที่ ๖ เพื่อเป็นวิทยาทานแก่โรงเรียนในเครือพันธมิตร,long_mixed_difficulty
P14,30,31,ห,17189.0,17189.0,0.0,0.038461538461538464,-0.04480548285953007,สวัสดีคุณชาคริษฐ์ วันนี้เราขอให้คุณจัดทำหนังสือเรื่องการสอนภาษาไทยสำหรับนักเรียนชั้นมัธยมศึกษาปีที่ ๖ เพื่อเป็นวิทยาทานแก่โรงเรียนในเครือพันธมิตร,long_mixed_difficulty
P14,31,32,้,17406.5,17406.5,0.0,0.0,-0.19893886723250648,สวัสดีคุณชาคริษฐ์ วันนี้เราขอให้คุณจัดทำหนังสือเรื่องการสอนภาษาไทยสำหรับนักเรียนชั้นมัธยมศึกษาปีที่ ๖ เพื่อเป็นวิทยาทานแก่โรงเรียนในเครือพันธมิตร,long_mixed_difficulty
P14,32,33,ค,17652.0,17652.0,0.0,0.038461538461538464,0.12297728531848989,สวัสดีคุณชาคริษฐ์ วันนี้เราขอให้คุณจัดทำหนังสือเรื่องการสอนภาษาไทยสำหรับนักเรียนชั้นมัธยมศึกษาปีที่ ๖ เพื่อเป็นวิทยาทานแก่โรงเรียนในเครือพันธมิตร,long_mixed_difficulty
P14,33,34,ุ,18551.0,18551.0,0.0,0.15384615384615385,-0.17467430617751725,สวัสดีคุณชาคริษฐ์ วันนี้เราขอให้คุณจัดทำหนังสือเรื่องการสอนภาษาไทยสำหรับนักเรียนชั้นมัธยมศึกษาปีที่ ๖ เพื่อเป็นวิทยาทานแก่โรงเรียนในเครือพันธมิตร,long_mixed_difficulty
P14,34,35,ณ,18975.0,18975.0,0.0,0.15384615384615385,0.18563543321285345,สวัสดีคุณชาคริษฐ์ วันนี้เราขอให้คุณจัดทำหนังสือเรื่องการสอนภาษาไทยสำหรับนักเรียนชั้นมัธยมศึกษาปีที่ ๖ เพื่อเป็นวิทยาทานแก่โรงเรียนในเครือพันธมิตร,long_mixed_difficulty
P14,35,36,จ,19607.5,19607.5,0.0,0.07692307692307693,0.17673526647201207,สวัสดีคุณชาคริษฐ์ วันนี้เราขอให้คุณจัดทำหนังสือเรื่องการสอนภาษาไทยสำหรับนักเรียนชั้นมัธยมศึกษาปีที่ ๖ เพื่อเป็นวิทยาทานแก่โรงเรียนในเครือพันธมิตร,long_mixed_difficulty
P14,36,37,ั,19880.0,19880.0,0.0,0.11538461538461539,-0.04421982460468962,สวัสดีคุณชาคริษฐ์ วันนี้เราขอให้คุณจัดทำหนังสือเรื่องการสอนภาษาไทยสำหรับนักเรียนชั้นมัธยมศึกษาปีที่ ๖ เพื่อเป็นวิทยาทานแก่โรงเรียนในเครือพันธมิตร,long_mixed_difficulty
P14,37,38,ด,20528.5,20528.5,0.0,0.15384615384615385,-0.12822527927456515,สวัสดีคุณชาคริษฐ์ วันนี้เราขอให้คุณจัดทำหนังสือเรื่องการสอนภาษาไทยสำหรับนักเรียนชั้นมัธยมศึกษาปีที่ ๖ เพื่อเป็นวิทยาทานแก่โรงเรียนในเครือพันธมิตร,long_mixed_difficulty
P14,38,39,ท,20684.5,20684.5,0.0,0.11538461538461539,0.0033416461392127947,สวัสดีคุณชาคริษฐ์ วันนี้เราขอให้คุณจัดทำหนังสือเรื่องการสอนภาษาไทยสำหรับนักเรียนชั้นมัธยมศึกษาปีที่ ๖ เพื่อเป็นวิทยาทานแก่โรงเรียนในเครือพันธมิตร,long_mixed_difficulty
P14,39,40,ำ,20874.0,20874.0,0.0,0.038461538461538464,-0.24606878751060807,สวัสดีคุณชาคริษฐ์ วันนี้เราขอให้คุณจัดทำหนังสือเรื่องการสอนภาษาไทยสำหรับนักเรียนชั้นมัธยมศึกษาปีที่ ๖ เพื่อเป็นวิทยาทานแก่โรงเรียนในเครือพันธมิตร,long_mixed_difficulty
P14,40,41,ห,21194.5,21194.5,0.0,0.07692307692307693,0.012308751985619985,สวัสดีคุณชาคริษฐ์ วันนี้เราขอให้คุณจัดทำหนังสือเรื่องการสอนภาษาไทยสำหรับนักเรียนชั้นมัธยมศึกษาปีที่ ๖ เพื่อเป็นวิทยาทานแก่โรงเรียนในเครือพันธมิตร,long_mixed_difficulty
P14,41,42,น,21315.5,21315.5,0.0,0.07692307692307693,-0.058401970692005575,สวัสดีคุณชาคริษฐ์ วันนี้เราขอให้คุณจัดทำหนังสือเรื่องการสอนภาษาไทยสำหรับนักเรียนชั้นมัธยมศึกษาปีที่ ๖ เพื่อเป็นวิทยาทานแก่โรงเรียนในเครือพันธมิตร,long_mixed_difficulty
P14,42,43,ั,21491.5,21491.5,0.0,0.11538461538461539,-0.19775120048468403,สวัสดีคุณชาคริษฐ์ วันนี้เราขอให้คุณจัดทำหนังสือเรื่องการสอนภาษาไทยสำหรับนักเรียนชั้นมัธยมศึกษาปีที่ ๖ เพื่อเป็นวิทยาทานแก่โรงเรียนในเครือพันธมิตร,long_mixed_difficulty
P14,43,44,ง,21637.5,21637.5,0.0,0.038461538461538464,-0.1262710760248334,สวัสดีคุณชาคริษฐ์ วันนี้เราขอให้คุณจัดทำหนังสือเรื่องการสอนภาษาไทยสำหรับนักเรียนชั้นมัธยมศึกษาปีที่ ๖ เพื่อเป็นวิทยาทานแก่โรงเรียนในเครือพันธมิตร,long_mixed_difficulty
P14,44,45,ส,21854.0,21854.0,0.0,0.038461538461538464,0.034479160981000095,สวัสดีคุณชาคริษฐ์ วันนี้เราขอให้คุณจัดทำหนังสือเรื่องการสอนภาษาไทยสำหรับนักเรียนชั้นมัธยมศึกษาปีที่ ๖ เพื่อเป็นวิทยาทานแก่โรงเรียนในเครือพันธมิตร,long_mixed_difficulty
P14,45,46,ื,22063.5,22063.5,0.0,0.0,-0.094981684562795,สวัสดีคุณชาคริษฐ์ วันนี้เราขอให้คุณจัดทำหนังสือเรื่องการสอนภาษาไทยสำหรับนักเรียนชั้นมัธยมศึกษาปีที่ ๖ เพื่อเป็นวิทยาทานแก่โรงเรียนในเครือพันธมิตร,long_mixed_difficulty
P14,46,47,อ,22230.5,22230.5,0.0,0.07692307692307693,-0.21221696373571394,สวัสดีคุณชาคริษฐ์ วันนี้เราขอให้คุณจัดทำหนังสือเรื่องการสอนภาษาไทยสำหรับนักเรียนชั้นมัธยมศึกษาปีที่ ๖ เพื่อเป็นวิทยาทานแก่โรงเรียนในเครือพันธมิตร,long_mixed_difficulty
P14,47,48,เ,22800.5,22800.5,0.0,0.07692307692307693,0.04323024873502454,สวัสดีคุณชาคริษฐ์ วันนี้เราขอให้คุณจัดทำหนังสือเรื่องการสอนภาษาไทยสำหรับนักเรียนชั้นมัธยมศึกษาปีที่ ๖ เพื่อเป็นวิทยาทานแก่โรงเรียนในเครือพันธมิตร,long_mixed_difficulty
P14,48,49,ร,22918.5,22918.5,0.0,0.038461538461538464,-0.2980507971388619,สวัสดีคุณชาคริษฐ์ วันนี้เราขอให้คุณจัดทำหนังสือเรื่องการสอนภาษาไทยสำหรับนักเรียนชั้นมัธยมศึกษาปีที่ ๖ เพื่อเป็นวิทยาทานแก่โรงเรียนในเครือพันธมิตร,long_mixed_difficulty
P14,49,50,ื,23104.0,23104.0,0.0,0.038461538461538464,-0.16841637961262607,สวัสดีคุณชาคริษฐ์ วันนี้เราขอให้คุณจัดทำหนังสือเรื่องการสอนภาษาไทยสำหรับนักเรียนชั้นมัธยมศึกษาปีที่ ๖ เพื่อเป็นวิทยาทานแก่โรงเรียนในเครือพันธมิตร,long_mixed_difficulty
P14,50,51,่,23258.0,23258.0,0.0,0.07692307692307693,-0.2900627637630143,สวัสดีคุณชาคริษฐ์ วันนี้เราขอให้คุณจัดทำหนังสือเรื่องการสอนภาษาไทยสำหรับนักเรียนชั้นมัธยมศึกษาปีที่ ๖ เพื่อเป็นวิทยาทานแก่โรงเรียนในเครือพันธมิตร,long_mixed_difficulty
P14,51,52,อ,23497.0,23497.0,0.0,0.15384615384615385,-0.23085134043572342,สวัสดีคุณชาคริษฐ์ วันนี้เราขอให้คุณจัดทำหนังสือเรื่องการสอนภาษาไทยสำหรับนักเรียนชั้นมัธยมศึกษาปีที่ ๖ เพื่อเป็นวิทยาทานแก่โรงเรียนในเครือพันธมิตร,long_mixed_difficulty
P14,52,53,ง,23640.0,23640.0,0.0,0.038461538461538464,-0.06006539522266606,สวัสดีคุณชาคริษฐ์ วันนี้เราขอให้คุณจัดทำหนังสือเรื่องการสอนภาษาไทยสำหรับนักเรียนชั้นมัธยมศึกษาปีที่ ๖ เพื่อเป็นวิทยาทานแก่โรงเรียนในเครือพันธมิตร,long_mixed_difficulty
P14,53,54,ก,24034.5,24034.5,0.0,0.038461538461538464,0.3135066934218145,สวัสดีคุณชาคริษฐ์ วันนี้เราขอให้คุณจัดทำหนังสือเรื่องการสอนภาษาไทยสำหรับนักเรียนชั้นมัธยมศึกษาปีที่ ๖ เพื่อเป็นวิทยาทานแก่โรงเรียนในเครือพันธมิตร,long_mixed_difficulty
P14,54,55,า,24131.0,24131.0,0.0,0.038461538461538464,-0.27127352179154524,สวัสดีคุณชาคริษฐ์ วันนี้เราขอให้คุณจัดทำหนังสือเรื่องการสอนภาษาไทยสำหรับนักเรียนชั้นมัธยมศึกษาปีที่ ๖ เพื่อเป็นวิทยาทานแก่โรงเรียนในเครือพันธมิตร,long_mixed_difficulty
P14,55,56,ร,24370.5,24370.5,0.0,0.07692307692307693,-0.32182201952056044,สวัสดีคุณชาคริษฐ์ วันนี้เราขอให้คุณจัดทำหนังสือเรื่องการสอนภาษาไทยสำหรับนักเรียนชั้นมัธยมศึกษาปีที่ ๖ เพื่อเป็นวิทยาทานแก่โรงเรียนในเครือพันธมิตร,long_mixed_difficulty
P14,56,57,ส,24680.0,24680.0,0.0,0.19230769230769232,-0.11956870690560494,สวัสดีคุณชาคริษฐ์ วันนี้เราขอให้คุณจัดทำหนังสือเรื่องการสอนภาษาไทยสำหรับนักเรียนชั้นมัธยมศึกษาปีที่ ๖ เพื่อเป็นวิทยาทานแก่โรงเรียนในเครือพันธมิตร,long_mixed_difficulty
P14,57,58,อ,24826.0,24826.0,0.0,0.07692307692307693,-0.16415898974512894,สวัสดีคุณชาคริษฐ์ วันนี้เราขอให้คุณจัดทำหนังสือเรื่องการสอนภาษาไทยสำหรับนักเรียนชั้นมัธยมศึกษาปีที่ ๖ เพื่อเป็นวิทยาทานแก่โรงเรียนในเครือพันธมิตร,long_mixed_difficulty
P14,58,59,น,24978.0,24978.0,0.0,0.15384615384615385,-0.10888666728972723,สวัสดีคุณชาคริษฐ์ วันนี้เราขอให้คุณจัดทำหนังสือเรื่องการสอนภาษาไทยสำหรับนักเรียนชั้นมัธยมศึกษาปีที่ ๖ เพื่อเป็นวิทยาทานแก่โรงเรียนในเครือพันธมิตร,long_mixed_difficulty
P14,59,60,ภ,25515.0,25515.0,0.0,0.038461538461538464,0.3337615362716057,สวัสดีคุณชาคริษฐ์ วันนี้เราขอให้คุณจัดทำหนังสือเรื่องการสอนภาษาไทยสำหรับนักเรียนชั้นมัธยมศึกษาปีที่ ๖ เพื่อเป็นวิทยาทานแก่โรงเรียนในเครือพันธมิตร,long_mixed_difficulty
P14,60,61,า,25653.5,25653.5,0.0,0.07692307692307693,-0.1431257412967214,สวัสดีคุณชาคริษฐ์ วันนี้เราขอให้คุณจัดทำหนังสือเรื่องการสอนภาษาไทยสำหรับนักเรียนชั้นมัธยมศึกษาปีที่ ๖ เพื่อเป็นวิทยาทานแก่โรงเรียนในเครือพันธมิตร,long_mixed_difficulty
P14,61,62,ษ,26365.5,26365.5,0.0,0.07692307692307693,-0.041952428887060376,สวัสดีคุณชาคริษฐ์ วันนี้เราขอให้คุณจัดทำหนังสือเรื่องการสอนภาษาไทยสำหรับนักเรียนชั้นมัธยมศึกษาปีที่ ๖ เพื่อเป็นวิทยาทานแก่โรงเรียนในเครือพันธมิตร,long_mixed_difficulty
P14,62,63,า,26567.0,26567.0,0.0,0.23076923076923078,-0.20157092225301262,สวัสดีคุณชาคริษฐ์ วันนี้เราขอให้คุณจัดทำหนังสือเรื่องการสอนภาษาไทยสำหรับนักเรียนชั้นมัธยมศึกษาปีที่ ๖ เพื่อเป็นวิทยาทานแก่โรงเรียนในเครือพันธมิตร,long_mixed_difficulty
P14,63,64,ไ,27101.0,27101.0,0.0,0.038461538461538464,0.23563704249364723,สวัสดีคุณชาคริษฐ์ วันนี้เราขอให้คุณจัดทำหนังสือเรื่องการสอนภาษาไทยสำหรับนักเรียนชั้นมัธยมศึกษาปีที่ ๖ เพื่อเป็นวิทยาทานแก่โรงเรียนในเครือพันธมิตร,long_mixed_difficulty
P14,64,65,ท,27249.5,27249.5,0.0,0.038461538461538464,-0.22861011885174684,สวัสดีคุณชาคริษฐ์ วันนี้เราขอให้คุณจัดทำหนังสือเรื่องการสอนภาษาไทยสำหรับนักเรียนชั้นมัธยมศึกษาปีที่ ๖ เพื่อเป็นวิทยาทานแก่โรงเรียนในเครือพันธมิตร,long_mixed_difficulty
P14,65,66,ย,27495.5,27495.5,0.0,0.15384615384615385,-0.11205810231552757,สวัสดีคุณชาคริษฐ์ วันนี้เราขอให้คุณจัดทำหนังสือเรื่องการสอนภาษาไทยสำหรับนักเรียนชั้นมัธยมศึกษาปีที่ ๖ เพื่อเป็นวิทยาทานแก่โรงเรียนในเครือพันธมิตร,long_mixed_difficulty
P14,66,67,ส,28513.0,28513.0,0.0,0.11538461538461539,0.1699501515764929,สวัสดีคุณชาคริษฐ์ วันนี้เราขอให้คุณจัดทำหนังสือเรื่องการสอนภาษาไทยสำหรับนักเรียนชั้นมัธยมศึกษาปีที่ ๖ เพื่อเป็นวิทยาทานแก่โรงเรียนในเครือพันธมิตร,long_mixed_difficulty
P14,67,68,ำ,28640.5,28640.5,0.0,0.15384615384615385,0.014648802918621707,สวัสดีคุณชาคริษฐ์ วันนี้เราขอให้คุณจัดทำหนังสือเรื่องการสอนภาษาไทยสำหรับนักเรียนชั้นมัธยมศึกษาปีที่ ๖ เพื่อเป็นวิทยาทานแก่โรงเรียนในเครือพันธมิตร,long_mixed_difficulty
P14,68,69,ห,28888.0,28888.0,0.0,0.11538461538461539,-0.08412867877627392,สวัสดีคุณชาคริษฐ์ วันนี้เราขอให้คุณจัดทำหนังสือเรื่องการสอนภาษาไทยสำหรับนักเรียนชั้นมัธยมศึกษาปีที่ ๖ เพื่อเป็นวิทยาทานแก่โรงเรียนในเครือพันธมิตร,long_mixed_difficulty
P14,69,70,ร,28963.0,30521.5,0.0,0.0,-0.06817614265891635,สวัสดีคุณชาคริษฐ์ วันนี้เราขอให้คุณจัดทำหนังสือเรื่องการสอนภาษาไทยสำหรับนักเรียนชั้นมัธยมศึกษาปีที่ ๖ เพื่อเป็นวิทยาทานแก่โรงเรียนในเครือพันธมิตร,long_mixed_difficulty
P14,70,71,ั,31507.5,31507.5,0.0,0.038461538461538464,-0.22511885965110798,สวัสดีคุณชาคริษฐ์ วันนี้เราขอให้คุณจัดทำหนังสือเรื่องการสอนภาษาไทยสำหรับนักเรียนชั้นมัธยมศึกษาปีที่ ๖ เพื่อเป็นวิทยาทานแก่โรงเรียนในเครือพันธมิตร,long_mixed_difficulty
P14,71,72,บ,31674.0,31674.0,0.0,0.11538461538461539,-0.12334209228551538,สวัสดีคุณชาคริษฐ์ วันนี้เราขอให้คุณจัดทำหนังสือเรื่องการสอนภาษาไทยสำหรับนักเรียนชั้นมัธยมศึกษาปีที่ ๖ เพื่อเป็นวิทยาทานแก่โรงเรียนในเครือพันธมิตร,long_mixed_difficulty
P14,72,73,น,32577.5,32577.5,0.0,0.19230769230769232,0.2611526780850774,สวัสดีคุณชาคริษฐ์ วันนี้เราขอให้คุณจัดทำหนังสือเรื่องการสอนภาษาไทยสำหรับนักเรียนชั้นมัธยมศึกษาปีที่ ๖ เพื่อเป็นวิทยาทานแก่โรงเรียนในเครือพันธมิตร,long_mixed_difficulty
P14,73,74,ั,32860.0,32860.0,0.0,0.07692307692307693,-0.09780685140960911,สวัสดีคุณชาคริษฐ์ วันนี้เราขอให้คุณจัดทำหนังสือเรื่องการสอนภาษาไทยสำหรับนักเรียนชั้นมัธยมศึกษาปีที่ ๖ เพื่อเป็นวิทยาทานแก่โรงเรียนในเครือพันธมิตร,long_mixed_difficulty
P14,74,75,ก,33070.0,33070.0,0.0,0.11538461538461539,-0.10557044602547716,สวัสดีคุณชาคริษฐ์ วันนี้เราขอให้คุณจัดทำหนังสือเรื่องการสอนภาษาไทยสำหรับนักเรียนชั้นมัธยมศึกษาปีที่ ๖ เพื่อเป็นวิทยาทานแก่โรงเรียนในเครือพันธมิตร,long_mixed_difficulty
P14,75,76,เ,33765.0,33765.0,0.0,0.15384615384615385,-0.08266347387438497,สวัสดีคุณชาคริษฐ์ วันนี้เราขอให้คุณจัดทำหนังสือเรื่องการสอนภาษาไทยสำหรับนักเรียนชั้นมัธยมศึกษาปีที่ ๖ เพื่อเป็นวิทยาทานแก่โรงเรียนในเครือพันธมิตร,long_mixed_difficulty
P14,76,77,ร,33951.0,33951.0,0.0,0.038461538461538464,-0.27330716191359855,สวัสดีคุณชาคริษฐ์ วันนี้เราขอให้คุณจัดทำหนังสือเรื่องการสอนภาษาไทยสำหรับนักเรียนชั้นมัธยมศึกษาปีที่ ๖ เพื่อเป็นวิทยาทานแก่โรงเรียนในเครือพันธมิตร,long_mixed_difficulty
P14,77,78,ี,34127.0,34127.0,0.0,0.15384615384615385,-0.2751884812273319,สวัสดีคุณชาคริษฐ์ วันนี้เราขอให้คุณจัดทำหนังสือเรื่องการสอนภาษาไทยสำหรับนักเรียนชั้นมัธยมศึกษาปีที่ ๖ เพื่อเป็นวิทยาทานแก่โรงเรียนในเครือพันธมิตร,long_mixed_difficulty
P14,78,79,ย,34621.5,34621.5,0.0,0.07692307692307693,-0.13061674845511337,สวัสดีคุณชาคริษฐ์ วันนี้เราขอให้คุณจัดทำหนังสือเรื่องการสอนภาษาไทยสำหรับนักเรียนชั้นมัธยมศึกษาปีที่ ๖ เพื่อเป็นวิทยาทานแก่โรงเรียนในเครือพันธมิตร,long_mixed_difficulty
P14,79,80,น,34770.5,34770.5,0.0,0.07692307692307693,-0.37810583998904873,สวัสดีคุณชาคริษฐ์ วันนี้เราขอให้คุณจัดทำหนังสือเรื่องการสอนภาษาไทยสำหรับนักเรียนชั้นมัธยมศึกษาปีที่ ๖ เพื่อเป็นวิทยาทานแก่โรงเรียนในเครือพันธมิตร,long_mixed_difficulty
P14,80,81,ช,35250.0,35250.0,0.0,0.11538461538461539,0.19496586936376212,สวัสดีคุณชาคริษฐ์ วันนี้เราขอให้คุณจัดทำหนังสือเรื่องการสอนภาษาไทยสำหรับนักเรียนชั้นมัธยมศึกษาปีที่ ๖ เพื่อเป็นวิทยาทานแก่โรงเรียนในเครือพันธมิตร,long_mixed_difficulty
P14,81,82,ั,35708.5,35708.5,0.0,0.0,-0.007329359655047016,สวัสดีคุณชาคริษฐ์ วันนี้เราขอให้คุณจัดทำหนังสือเรื่องการสอนภาษาไทยสำหรับนักเรียนชั้นมัธยมศึกษาปีที่ ๖ เพื่อเป็นวิทยาทานแก่โรงเรียนในเครือพันธมิตร,long_mixed_difficulty
P14,82,83,้,35894.0,35894.0,0.0,0.0,-0.30688447961028353,สวัสดีคุณชาคริษฐ์ วันนี้เราขอให้คุณจัดทำหนังสือเรื่องการสอนภาษาไทยสำหรับนักเรียนชั้นมัธยมศึกษาปีที่ ๖ เพื่อเป็นวิทยาทานแก่โรงเรียนในเครือพันธมิตร,long_mixed_difficulty
P14,83,84,น,36148.0,36148.0,0.0,0.0,-0.3089901250269295,สวัสดีคุณชาคริษฐ์ วันนี้เราขอให้คุณจัดทำหนังสือเรื่องการสอนภาษาไทยสำหรับนักเรียนชั้นมัธยมศึกษาปีที่ ๖ เพื่อเป็นวิทยาทานแก่โรงเรียนในเครือพันธมิตร,long_mixed_difficulty
P14,84,85,ม,36521.0,36521.0,0.0,0.038461538461538464,0.12345668351055791,สวัสดีคุณชาคริษฐ์ วันนี้เราขอให้คุณจัดทำหนังสือเรื่องการสอนภาษาไทยสำหรับนักเรียนชั้นมัธยมศึกษาปีที่ ๖ เพื่อเป็นวิทยาทานแก่โรงเรียนในเครือพันธมิตร,long_mixed_difficulty
P14,85,86,ั,36678.5,36678.5,0.0,0.11538461538461539,-0.08627151293542554,สวัสดีคุณชาคริษฐ์ วันนี้เราขอให้คุณจัดทำหนังสือเรื่องการสอนภาษาไทยสำหรับนักเรียนชั้นมัธยมศึกษาปีที่ ๖ เพื่อเป็นวิทยาทานแก่โรงเรียนในเครือพันธมิตร,long_mixed_difficulty
P14,86,87,ธ,37457.0,37457.0,0.0,0.038461538461538464,0.22397923588428523,สวัสดีคุณชาคริษฐ์ วันนี้เราขอให้คุณจัดทำหนังสือเรื่องการสอนภาษาไทยสำหรับนักเรียนชั้นมัธยมศึกษาปีที่ ๖ เพื่อเป็นวิทยาทานแก่โรงเรียนในเครือพันธมิตร,long_mixed_difficulty
P14,87,88,ย,37683.0,37683.0,0.0,0.15384615384615385,0.23649565914758874,สวัสดีคุณชาคริษฐ์ วันนี้เราขอให้คุณจัดทำหนังสือเรื่องการสอนภาษาไทยสำหรับนักเรียนชั้นมัธยมศึกษาปีที่ ๖ เพื่อเป็นวิทยาทานแก่โรงเรียนในเครือพันธมิตร,long_mixed_difficulty
P14,88,89,ม,38221.0,38221.0,0.0,0.07692307692307693,-0.1187210365260781,สวัสดีคุณชาคริษฐ์ วันนี้เราขอให้คุณจัดทำหนังสือเรื่องการสอนภาษาไทยสำหรับนักเรียนชั้นมัธยมศึกษาปีที่ ๖ เพื่อเป็นวิทยาทานแก่โรงเรียนในเครือพันธมิตร,long_mixed_difficulty
P14,89,90,ศ,38875.5,39595.0,0.0,0.15384615384615385,0.25306784227330487,สวัสดีคุณชาคริษฐ์ วันนี้เราขอให้คุณจัดทำหนังสือเรื่องการสอนภาษาไทยสำหรับนักเรียนชั้นมัธยมศึกษาปีที่ ๖ เพื่อเป็นวิทยาทานแก่โรงเรียนในเครือพันธมิตร,long_mixed_difficulty
P14,90,91,ึ,39979.5,39979.5,0.0,0.3076923076923077,0.10302267755672177,สวัสดีคุณชาคริษฐ์ วันนี้เราขอให้คุณจัดทำหนังสือเรื่องการสอนภาษาไทยสำหรับนักเรียนชั้นมัธยมศึกษาปีที่ ๖ เพื่อเป็นวิทยาทานแก่โรงเรียนในเครือพันธมิตร,long_mixed_difficulty
P14,91,92,ก,40232.5,40232.5,0.0,0.19230769230769232,-0.07372253228792276,สวัสดีคุณชาคริษฐ์ วันนี้เราขอให้คุณจัดทำหนังสือเรื่องการสอนภาษาไทยสำหรับนักเรียนชั้นมัธยมศึกษาปีที่ ๖ เพื่อเป็นวิทยาทานแก่โรงเรียนในเครือพันธมิตร,long_mixed_difficulty
P14,92,93,ษ,40554.0,40554.0,0.0,0.11538461538461539,0.28989081004923184,สวัสดีคุณชาคริษฐ์ วันนี้เราขอให้คุณจัดทำหนังสือเรื่องการสอนภาษาไทยสำหรับนักเรียนชั้นมัธยมศึกษาปีที่ ๖ เพื่อเป็นวิทยาทานแก่โรงเรียนในเครือพันธมิตร,long_mixed_difficulty
P14,93,94,า,40749.0,40749.0,0.0,0.07692307692307693,-0.2729323867407572,สวัสดีคุณชาคริษฐ์ วันนี้เราขอให้คุณจัดทำหนังสือเรื่องการสอนภาษาไทยสำหรับนักเรียนชั้นมัธยมศึกษาปีที่ ๖ เพื่อเป็นวิทยาทานแก่โรงเรียนในเครือพันธมิตร,long_mixed_difficulty
P14,94,95,ป,41568.5,41568.5,0.0,0.07692307692307693,0.40498582593796534,สวัสดีคุณชาคริษฐ์ วันนี้เราขอให้คุณจัดทำหนังสือเรื่องการสอนภาษาไทยสำหรับนักเรียนชั้นมัธยมศึกษาปีที่ ๖ เพื่อเป็นวิทยาทานแก่โรงเรียนในเครือพันธมิตร,long_mixed_difficulty
P14,95,96,ี,41730.5,41730.5,0.0,0.07692307692307693,-0.09051630968295707,สวัสดีคุณชาคริษฐ์ วันนี้เราขอให้คุณจัดทำหนังสือเรื่องการสอนภาษาไทยสำหรับนักเรียนชั้นมัธยมศึกษาปีที่ ๖ เพื่อเป็นวิทยาทานแก่โรงเรียนในเครือพันธมิตร,long_mixed_difficulty
P14,96,97,ท,41936.0,41936.0,0.0,0.038461538461538464,-0.09246266599963968,สวัสดีคุณชาคริษฐ์ วันนี้เราขอให้คุณจัดทำหนังสือเรื่องการสอนภาษาไทยสำหรับนักเรียนชั้นมัธยมศึกษาปีที่ ๖ เพื่อเป็นวิทยาทานแก่โรงเรียนในเครือพันธมิตร,long_mixed_difficulty
P14,97,98,ี,42125.0,42125.0,0.0,0.038461538461538464,-0.20348624342518623,สวัสดีคุณชาคริษฐ์ วันนี้เราขอให้คุณจัดทำหนังสือเรื่องการสอนภาษาไทยสำหรับนักเรียนชั้นมัธยมศึกษาปีที่ ๖ เพื่อเป็นวิทยาทานแก่โรงเรียนในเครือพันธมิตร,long_mixed_difficulty
P14,98,99,่,42280.0,42280.0,0.0,0.0,-0.3564529589137828,สวัสดีคุณชาคริษฐ์ วันนี้เราขอให้คุณจัดทำหนังสือเรื่องการสอนภาษาไทยสำหรับนักเรียนชั้นมัธยมศึกษาปีที่ ๖ เพื่อเป็นวิทยาทานแก่โรงเรียนในเครือพันธมิตร,long_mixed_difficulty
P14,99,100, ,42647.5,42647.5,0.0,0.07692307692307693,0.13656645045492274,สวัสดีคุณชาคริษฐ์ วันนี้เราขอให้คุณจัดทำหนังสือเรื่องการสอนภาษาไทยสำหรับนักเรียนชั้นมัธยมศึกษาปีที่ ๖ เพื่อเป็นวิทยาทานแก่โรงเรียนในเครือพันธมิตร,long_mixed_difficulty
P14,100,101,๖,45197.0,45197.0,0.0,0.2692307692307692,0.5148672177628522,สวัสดีคุณชาคริษฐ์ วันนี้เราขอให้คุณจัดทำหนังสือเรื่องการสอนภาษาไทยสำหรับนักเรียนชั้นมัธยมศึกษาปีที่ ๖ เพื่อเป็นวิทยาทานแก่โรงเรียนในเครือพันธมิตร,long_mixed_difficulty
P14,101,102, ,45444.5,45444.5,0.0,0.19230769230769232,0.13787474317660225,สวัสดีคุณชาคริษฐ์ วันนี้เราขอให้คุณจัดทำหนังสือเรื่องการสอนภาษาไทยสำหรับนักเรียนชั้นมัธยมศึกษาปีที่ ๖ เพื่อเป็นวิทยาทานแก่โรงเรียนในเครือพันธมิตร,long_mixed_difficulty
P14,102,103,เ,46000.5,46000.5,0.0,0.15384615384615385,0.14071427197565695,สวัสดีคุณชาคริษฐ์ วันนี้เราขอให้คุณจัดทำหนังสือเรื่องการสอนภาษาไทยสำหรับนักเรียนชั้นมัธยมศึกษาปีที่ ๖ เพื่อเป็นวิทยาทานแก่โรงเรียนในเครือพันธมิตร,long_mixed_difficulty
P14,103,104,พ,46393.0,46393.0,0.0,0.15384615384615385,-0.2697489588796955,สวัสดีคุณชาคริษฐ์ วันนี้เราขอให้คุณจัดทำหนังสือเรื่องการสอนภาษาไทยสำหรับนักเรียนชั้นมัธยมศึกษาปีที่ ๖ เพื่อเป็นวิทยาทานแก่โรงเรียนในเครือพันธมิตร,long_mixed_difficulty
P14,104,105,ื,46559.0,46559.0,0.0,0.19230769230769232,-0.25054608893145924,สวัสดีคุณชาคริษฐ์ วันนี้เราขอให้คุณจัดทำหนังสือเรื่องการสอนภาษาไทยสำหรับนักเรียนชั้นมัธยมศึกษาปีที่ ๖ เพื่อเป็นวิทยาทานแก่โรงเรียนในเครือพันธมิตร,long_mixed_difficulty
P14,105,106,่,46634.0,46634.0,0.0,0.15384615384615385,-0.37549239154715125,สวัสดีคุณชาคริษฐ์ วันนี้เราขอให้คุณจัดทำหนังสือเรื่องการสอนภาษาไทยสำหรับนักเรียนชั้นมัธยมศึกษาปีที่ ๖ เพื่อเป็นวิทยาทานแก่โรงเรียนในเครือพันธมิตร,long_mixed_difficulty
P14,106,107,อ,46998.0,46998.0,0.0,0.19230769230769232,-0.288593254441556,สวัสดีคุณชาคริษฐ์ วันนี้เราขอให้คุณจัดทำหนังสือเรื่องการสอนภาษาไทยสำหรับนักเรียนชั้นมัธยมศึกษาปีที่ ๖ เพื่อเป็นวิทยาทานแก่โรงเรียนในเครือพันธมิตร,long_mixed_difficulty
P14,107,108,เ,47426.0,47426.0,0.0,0.11538461538461539,0.04735284077721712,สวัสดีคุณชาคริษฐ์ วันนี้เราขอให้คุณจัดทำหนังสือเรื่องการสอนภาษาไทยสำหรับนักเรียนชั้นมัธยมศึกษาปีที่ ๖ เพื่อเป็นวิทยาทานแก่โรงเรียนในเครือพันธมิตร,long_mixed_difficulty
P14,108,109,ป,47639.5,47639.5,0.0,0.07692307692307693,-0.06649353113884328,สวัสดีคุณชาคริษฐ์ วันนี้เราขอให้คุณจัดทำหนังสือเรื่องการสอนภาษาไทยสำหรับนักเรียนชั้นมัธยมศึกษาปีที่ ๖ เพื่อเป็นวิทยาทานแก่โรงเรียนในเครือพันธมิตร,long_mixed_difficulty
P14,109,110,็,47942.5,47942.5,0.0,0.038461538461538464,0.11247048845363522,สวัสดีคุณชาคริษฐ์ วันนี้เราขอให้คุณจัดทำหนังสือเรื่องการสอนภาษาไทยสำหรับนักเรียนชั้นมัธยมศึกษาปีที่ ๖ เพื่อเป็นวิทยาทานแก่โรงเรียนในเครือพันธมิตร,long_mixed_difficulty
P14,110,111,น,48224.5,48224.5,0.0,0.038461538461538464,-0.058359670168588965,สวัสดีคุณชาคริษฐ์ วันนี้เราขอให้คุณจัดทำหนังสือเรื่องการสอนภาษาไทยสำหรับนักเรียนชั้นมัธยมศึกษาปีที่ ๖ เพื่อเป็นวิทยาทานแก่โรงเรียนในเครือพันธมิตร,long_mixed_difficulty
P14,111,112,ว,48686.0,49374.0,0.0,0.15384615384615385,0.09909954777099915,สวัสดีคุณชาคริษฐ์ วันนี้เราขอให้คุณจัดทำหนังสือเรื่องการสอนภาษาไทยสำหรับนักเรียนชั้นมัธยมศึกษาปีที่ ๖ เพื่อเป็นวิทยาทานแก่โรงเรียนในเครือพันธมิตร,long_mixed_difficulty
P14,112,113,ิ,49657.0,49657.0,0.0,0.19230769230769232,-0.06771622702941416,สวัสดีคุณชาคริษฐ์ วันนี้เราขอให้คุณจัดทำหนังสือเรื่องการสอนภาษาไทยสำหรับนักเรียนชั้นมัธยมศึกษาปีที่ ๖ เพื่อเป็นวิทยาทานแก่โรงเรียนในเครือพันธมิตร,long_mixed_difficulty
P14,113,114,ท,50115.0,50115.0,0.0,0.11538461538461539,-0.1971581294823706,สวัสดีคุณชาคริษฐ์ วันนี้เราขอให้คุณจัดทำหนังสือเรื่องการสอนภาษาไทยสำหรับนักเรียนชั้นมัธยมศึกษาปีที่ ๖ เพื่อเป็นวิทยาทานแก่โรงเรียนในเครือพันธมิตร,long_mixed_difficulty
P14,114,115,ย,51303.5,51303.5,0.0,0.07692307692307693,0.047986940633138304,สวัสดีคุณชาคริษฐ์ วันนี้เราขอให้คุณจัดทำหนังสือเรื่องการสอนภาษาไทยสำหรับนักเรียนชั้นมัธยมศึกษาปีที่ ๖ เพื่อเป็นวิทยาทานแก่โรงเรียนในเครือพันธมิตร,long_mixed_difficulty
P14,115,116,า,51454.5,51454.5,0.0,0.15384615384615385,-0.18336171220666275,สวัสดีคุณชาคริษฐ์ วันนี้เราขอให้คุณจัดทำหนังสือเรื่องการสอนภาษาไทยสำหรับนักเรียนชั้นมัธยมศึกษาปีที่ ๖ เพื่อเป็นวิทยาทานแก่โรงเรียนในเครือพันธมิตร,long_mixed_difficulty
P14,116,117,ท,51766.5,51766.5,0.0,0.11538461538461539,0.08101114464000385,สวัสดีคุณชาคริษฐ์ วันนี้เราขอให้คุณจัดทำหนังสือเรื่องการสอนภาษาไทยสำหรับนักเรียนชั้นมัธยมศึกษาปีที่ ๖ เพื่อเป็นวิทยาทานแก่โรงเรียนในเครือพันธมิตร,long_mixed_difficulty
P14,117,118,า,51964.0,51964.0,0.0,0.15384615384615385,-0.2686305916392637,สวัสดีคุณชาคริษฐ์ วันนี้เราขอให้คุณจัดทำหนังสือเรื่องการสอนภาษาไทยสำหรับนักเรียนชั้นมัธยมศึกษาปีที่ ๖ เพื่อเป็นวิทยาทานแก่โรงเรียนในเครือพันธมิตร,long_mixed_difficulty
P14,118,119,น,52181.5,52181.5,0.0,0.2692307692307692,-0.15912609517416157,สวัสดีคุณชาคริษฐ์ วันนี้เราขอให้คุณจัดทำหนังสือเรื่องการสอนภาษาไทยสำหรับนักเรียนชั้นมัธยมศึกษาปีที่ ๖ เพื่อเป็นวิทยาทานแก่โรงเรียนในเครือพันธมิตร,long_mixed_difficulty
P14,119,120,แ,53400.0,53400.0,0.0,0.3076923076923077,0.2734761223421419,สวัสดีคุณชาคริษฐ์ วันนี้เราขอให้คุณจัดทำหนังสือเรื่องการสอนภาษาไทยสำหรับนักเรียนชั้นมัธยมศึกษาปีที่ ๖ เพื่อเป็นวิทยาทานแก่โรงเรียนในเครือพันธมิตร,long_mixed_difficulty
P14,120,121,ก,53534.5,53534.5,0.0,0.11538461538461539,-0.28418820192691135,สวัสดีคุณชาคริษฐ์ วันนี้เราขอให้คุณจัดทำหนังสือเรื่องการสอนภาษาไทยสำหรับนักเรียนชั้นมัธยมศึกษาปีที่ ๖ เพื่อเป็นวิทยาทานแก่โรงเรียนในเครือพันธมิตร,long_mixed_difficulty
P14,121,122,่,53704.5,53704.5,0.0,0.23076923076923078,-0.11475482177257232,สวัสดีคุณชาคริษฐ์ วันนี้เราขอให้คุณจัดทำหนังสือเรื่องการสอนภาษาไทยสำหรับนักเรียนชั้นมัธยมศึกษาปีที่ ๖ เพื่อเป็นวิทยาทานแก่โรงเรียนในเครือพันธมิตร,long_mixed_difficulty
P14,122,123,โ,54049.5,54049.5,0.0,0.11538461538461539,0.24036183004893374,สวัสดีคุณชาคริษฐ์ วันนี้เราขอให้คุณจัดทำหนังสือเรื่องการสอนภาษาไทยสำหรับนักเรียนชั้นมัธยมศึกษาปีที่ ๖ เพื่อเป็นวิทยาทานแก่โรงเรียนในเครือพันธมิตร,long_mixed_difficulty
P14,123,124,ร,54265.5,54265.5,0.0,0.038461538461538464,-0.009755477791943952,สวัสดีคุณชาคริษฐ์ วันนี้เราขอให้คุณจัดทำหนังสือเรื่องการสอนภาษาไทยสำหรับนักเรียนชั้นมัธยมศึกษาปีที่ ๖ เพื่อเป็นวิทยาทานแก่โรงเรียนในเครือพันธมิตร,long_mixed_difficulty
P14,124,125,ง,54515.0,54515.0,0.0,0.07692307692307693,-0.06776375814264943,สวัสดีคุณชาคริษฐ์ วันนี้เราขอให้คุณจัดทำหนังสือเรื่องการสอนภาษาไทยสำหรับนักเรียนชั้นมัธยมศึกษาปีที่ ๖ เพื่อเป็นวิทยาทานแก่โรงเรียนในเครือพันธมิตร,long_mixed_difficulty
P14,125,126,เ,55149.0,55149.0,0.0,0.07692307692307693,0.08956855769895386,สวัสดีคุณชาคริษฐ์ วันนี้เราขอให้คุณจัดทำหนังสือเรื่องการสอนภาษาไทยสำหรับนักเรียนชั้นมัธยมศึกษาปีที่ ๖ เพื่อเป็นวิทยาทานแก่โรงเรียนในเครือพันธมิตร,long_mixed_difficulty
P14,126,127,ร,55317.5,55317.5,0.0,0.038461538461538464,-0.24181601406546177,สวัสดีคุณชาคริษฐ์ วันนี้เราขอให้คุณจัดทำหนังสือเรื่องการสอนภาษาไทยสำหรับนักเรียนชั้นมัธยมศึกษาปีที่ ๖ เพื่อเป็นวิทยาทานแก่โรงเรียนในเครือพันธมิตร,long_mixed_difficulty
P14,127,128,ี,55987.0,55987.0,0.0,0.038461538461538464,-0.32582465935517785,สวัสดีคุณชาคริษฐ์ วันนี้เราขอให้คุณจัดทำหนังสือเรื่องการสอนภาษาไทยสำหรับนักเรียนชั้นมัธยมศึกษาปีที่ ๖ เพื่อเป็นวิทยาทานแก่โรงเรียนในเครือพันธมิตร,long_mixed_difficulty
P14,128,129,ย,56255.0,56255.0,0.0,0.11538461538461539,-0.15063218022284408,สวัสดีคุณชาคริษฐ์ วันนี้เราขอให้คุณจัดทำหนังสือเรื่องการสอนภาษาไทยสำหรับนักเรียนชั้นมัธยมศึกษาปีที่ ๖ เพื่อเป็นวิทยาทานแก่โรงเรียนในเครือพันธมิตร,long_mixed_difficulty
P14,129,130,น,56439.0,56439.0,0.0,0.15384615384615385,-0.31524410662869207,สวัสดีคุณชาคริษฐ์ วันนี้เราขอให้คุณจัดทำหนังสือเรื่องการสอนภาษาไทยสำหรับนักเรียนชั้นมัธยมศึกษาปีที่ ๖ เพื่อเป็นวิทยาทานแก่โรงเรียนในเครือพันธมิตร,long_mixed_difficulty
P14,130,131,ใ,57259.5,57259.5,0.0,0.07692307692307693,0.1756461663635372,สวัสดีคุณชาคริษฐ์ วันนี้เราขอให้คุณจัดทำหนังสือเรื่องการสอนภาษาไทยสำหรับนักเรียนชั้นมัธยมศึกษาปีที่ ๖ เพื่อเป็นวิทยาทานแก่โรงเรียนในเครือพันธมิตร,long_mixed_difficulty
P14,131,132,น,57528.5,57528.5,0.0,0.038461538461538464,-0.12920055852634668,สวัสดีคุณชาคริษฐ์ วันนี้เราขอให้คุณจัดทำหนังสือเรื่องการสอนภาษาไทยสำหรับนักเรียนชั้นมัธยมศึกษาปีที่ ๖ เพื่อเป็นวิทยาทานแก่โรงเรียนในเครือพันธมิตร,long_mixed_difficulty
P14,132,133,เ,57847.0,57847.0,0.0,0.038461538461538464,0.12638363982348022,สวัสดีคุณชาคริษฐ์ วันนี้เราขอให้คุณจัดทำหนังสือเรื่องการสอนภาษาไทยสำหรับนักเรียนชั้นมัธยมศึกษาปีที่ ๖ เพื่อเป็นวิทยาทานแก่โรงเรียนในเครือพันธมิตร,long_mixed_difficulty
P14,133,134,ค,57979.0,57979.0,0.0,0.11538461538461539,-0.14231960575018754,สวัสดีคุณชาคริษฐ์ วันนี้เราขอให้คุณจัดทำหนังสือเรื่องการสอนภาษาไทยสำหรับนักเรียนชั้นมัธยมศึกษาปีที่ ๖ เพื่อเป็นวิทยาทานแก่โรงเรียนในเครือพันธมิตร,long_mixed_difficulty
P14,134,135,ร,58163.0,58163.0,0.0,0.038461538461538464,-0.2437604343775267,สวัสดีคุณชาคริษฐ์ วันนี้เราขอให้คุณจัดทำหนังสือเรื่องการสอนภาษาไทยสำหรับนักเรียนชั้นมัธยมศึกษาปีที่ ๖ เพื่อเป็นวิทยาทานแก่โรงเรียนในเครือพันธมิตร,long_mixed_difficulty
P14,135,136,ื,58321.0,58321.0,0.0,0.0,-0.09651991524159595,สวัสดีคุณชาคริษฐ์ วันนี้เราขอให้คุณจัดทำหนังสือเรื่องการสอนภาษาไทยสำหรับนักเรียนชั้นมัธยมศึกษาปีที่ ๖ เพื่อเป็นวิทยาทานแก่โรงเรียนในเครือพันธมิตร,long_mixed_difficulty
P14,136,137,อ,58557.0,58557.0,0.0,0.11538461538461539,-0.09387906922460089,สวัสดีคุณชาคริษฐ์ วันนี้เราขอให้คุณจัดทำหนังสือเรื่องการสอนภาษาไทยสำหรับนักเรียนชั้นมัธยมศึกษาปีที่ ๖ เพื่อเป็นวิทยาทานแก่โรงเรียนในเครือพันธมิตร,long_mixed_difficulty
P14,137,138,พ,59288.0,59288.0,0.0,0.15384615384615385,0.2489196515100103,สวัสดีคุณชาคริษฐ์ วันนี้เราขอให้คุณจัดทำหนังสือเรื่องการสอนภาษาไทยสำหรับนักเรียนชั้นมัธยมศึกษาปีที่ ๖ เพื่อเป็นวิทยาทานแก่โรงเรียนในเครือพันธมิตร,long_mixed_difficulty
P14,138,139,ั,59519.0,59519.0,0.0,0.11538461538461539,-0.13721404961294884,สวัสดีคุณชาคริษฐ์ วันนี้เราขอให้คุณจัดทำหนังสือเรื่องการสอนภาษาไทยสำหรับนักเรียนชั้นมัธยมศึกษาปีที่ ๖ เพื่อเป็นวิทยาทานแก่โรงเรียนในเครือพันธมิตร,long_mixed_difficulty
P14,139,140,น,60569.0,60569.0,0.0,0.11538461538461539,0.11450507569579874,สวัสดีคุณชาคริษฐ์ วันนี้เราขอให้คุณจัดทำหนังสือเรื่องการสอนภาษาไทยสำหรับนักเรียนชั้นมัธยมศึกษาปีที่ ๖ เพื่อเป็นวิทยาทานแก่โรงเรียนในเครือพันธมิตร,long_mixed_difficulty
P14,140,141,ธ,62898.0,62898.0,0.0,0.11538461538461539,0.33620530051444547,สวัสดีคุณชาคริษฐ์ วันนี้เราขอให้คุณจัดทำหนังสือเรื่องการสอนภาษาไทยสำหรับนักเรียนชั้นมัธยมศึกษาปีที่ ๖ เพื่อเป็นวิทยาทานแก่โรงเรียนในเครือพันธมิตร,long_mixed_difficulty
P14,141,142,ม,63473.0,63473.0,0.0,0.07692307692307693,0.1584793576385772,สวัสดีคุณชาคริษฐ์ วันนี้เราขอให้คุณจัดทำหนังสือเรื่องการสอนภาษาไทยสำหรับนักเรียนชั้นมัธยมศึกษาปีที่ ๖ เพื่อเป็นวิทยาทานแก่โรงเรียนในเครือพันธมิตร,long_mixed_difficulty
P14,142,143,ิ,63645.0,63645.0,0.0,0.07692307692307693,-0.17713703084783444,สวัสดีคุณชาคริษฐ์ วันนี้เราขอให้คุณจัดทำหนังสือเรื่องการสอนภาษาไทยสำหรับนักเรียนชั้นมัธยมศึกษาปีที่ ๖ เพื่อเป็นวิทยาทานแก่โรงเรียนในเครือพันธมิตร,long_mixed_difficulty
P14,143,144,ต,63940.0,63940.0,0.0,0.038461538461538464,-0.032077010395750054,สวัสดีคุณชาคริษฐ์ วันนี้เราขอให้คุณจัดทำหนังสือเรื่องการสอนภาษาไทยสำหรับนักเรียนชั้นมัธยมศึกษาปีที่ ๖ เพื่อเป็นวิทยาทานแก่โรงเรียนในเครือพันธมิตร,long_mixed_difficulty
P14,144,145,ร,64080.5,64080.5,0.0,0.038461538461538464,-0.29487238589369863,สวัสดีคุณชาคริษฐ์ วันนี้เราขอให้คุณจัดทำหนังสือเรื่องการสอนภาษาไทยสำหรับนักเรียนชั้นมัธยมศึกษาปีที่ ๖ เพื่อเป็นวิทยาทานแก่โรงเรียนในเครือพันธมิตร,long_mixed_difficulty
