source_node_id,target_node_id,source_physical_key_id,target_physical_key_id,source_keycode,target_keycode,distance,is_adjacent
Backquote,Backquote,Backquote,Backquote,192,192,0.0,0
Backquote,Backslash,Backquote,Backslash,192,220,13.0,0
Backquote,BracketLeft,Backquote,BracketLeft,192,219,11.0,0
Backquote,BracketRight,Backquote,BracketRight,192,221,12.0,0
Backquote,Comma,Backquote,Comma,192,188,8.0,0
Backquote,Digit0,Backquote,Digit0,192,48,10.0,0
Backquote,Digit1,Backquote,Digit1,192,49,1.0,1
Backquote,Digit2,Backquote,Digit2,192,50,2.0,0
Backquote,Digit3,Backquote,Digit3,192,51,3.0,0
Backquote,Digit4,Backquote,Digit4,192,52,4.0,0
Backquote,Digit5,Backquote,Digit5,192,53,5.0,0
Backquote,Digit6,Backquote,Digit6,192,54,6.0,0
Backquote,Digit7,Backquote,Digit7,192,55,7.0,0
Backquote,Digit8,Backquote,Digit8,192,56,8.0,0
Backquote,Digit9,Backquote,Digit9,192,57,9.0,0
Backquote,Equal,Backquote,Equal,192,187,12.0,0
Backquote,KeyA,Backquote,KeyA,192,65,2.0,0
Backquote,KeyB,Backquote,KeyB,192,66,5.0,0
Backquote,KeyC,Backquote,KeyC,192,67,3.0,0
Backquote,KeyD,Backquote,KeyD,192,68,3.0,0
Backquote,KeyE,Backquote,KeyE,192,69,3.0,0
Backquote,KeyF,Backquote,KeyF,192,70,4.0,0
Backquote,KeyG,Backquote,KeyG,192,71,5.0,0
Backquote,KeyH,Backquote,KeyH,192,72,6.0,0
Backquote,KeyI,Backquote,KeyI,192,73,8.0,0
Backquote,KeyJ,Backquote,KeyJ,192,74,7.0,0
Backquote,KeyK,Backquote,KeyK,192,75,8.0,0
Backquote,KeyL,Backquote,KeyL,192,76,9.0,0
Backquote,KeyM,Backquote,KeyM,192,77,7.0,0
Backquote,KeyN,Backquote,KeyN,192,78,6.0,0
Backquote,KeyO,Backquote,KeyO,192,79,9.0,0
Backquote,KeyP,Backquote,KeyP,192,80,10.0,0
Backquote,KeyQ,Backquote,KeyQ,192,81,1.0,1
Backquote,KeyR,Backquote,KeyR,192,82,4.0,0
Backquote,KeyS,Backquote,KeyS,192,83,2.0,0
Backquote,KeyT,Backquote,KeyT,192,84,5.0,0
Backquote,KeyU,Backquote,KeyU,192,85,7.0,0
Backquote,KeyV,Backquote,KeyV,192,86,4.0,0
Backquote,KeyW,Backquote,KeyW,192,87,2.0,0
Backquote,KeyX,Backquote,KeyX,192,88,3.0,0
Backquote,KeyY,Backquote,KeyY,192,89,6.0,0
Backquote,KeyZ,Backquote,KeyZ,192,90,3.0,0
Backquote,Minus,Backquote,Minus,192,189,11.0,0
Backquote,Period,Backquote,Period,192,190,9.0,0
Backquote,Quote,Backquote,Quote,192,222,11.0,0
Backquote,Semicolon,Backquote,Semicolon,192,186,10.0,0
Backquote,Slash,Backquote,Slash,192,191,10.0,0
Backquote,Space,Backquote,Space,192,32,,0
Backslash,Backquote,Backslash,Backquote,220,192,13.0,0
Backslash,Backslash,Backslash,Backslash,220,220,0.0,0
Backslash,BracketLeft,Backslash,BracketLeft,220,219,2.0,0
Backslash,BracketRight,Backslash,BracketRight,220,221,1.0,1
Backslash,Comma,Backslash,Comma,220,188,5.0,0
Backslash,Digit0,Backslash,Digit0,220,48,3.0,0
Backslash,Digit1,Backslash,Digit1,220,49,12.0,0
Backslash,Digit2,Backslash,Digit2,220,50,11.0,0
Backslash,Digit3,Backslash,Digit3,220,51,10.0,0
Backslash,Digit4,Backslash,Digit4,220,52,9.0,0
Backslash,Digit5,Backslash,Digit5,220,53,8.0,0
Backslash,Digit6,Backslash,Digit6,220,54,7.0,0
Backslash,Digit7,Backslash,Digit7,220,55,6.0,0
Backslash,Digit8,Backslash,Digit8,220,56,5.0,0
Backslash,Digit9,Backslash,Digit9,220,57,4.0,0
Backslash,Equal,Backslash,Equal,220,187,1.0,1
Backslash,KeyA,Backslash,KeyA,220,65,12.0,0
Backslash,KeyB,Backslash,KeyB,220,66,8.0,0
Backslash,KeyC,Backslash,KeyC,220,67,10.0,0
Backslash,KeyD,Backslash,KeyD,220,68,10.0,0
Backslash,KeyE,Backslash,KeyE,220,69,10.0,0
Backslash,KeyF,Backslash,KeyF,220,70,9.0,0
Backslash,KeyG,Backslash,KeyG,220,71,8.0,0
Backslash,KeyH,Backslash,KeyH,220,72,7.0,0
Backslash,KeyI,Backslash,KeyI,220,73,5.0,0
Backslash,KeyJ,Backslash,KeyJ,220,74,6.0,0
Backslash,KeyK,Backslash,KeyK,220,75,5.0,0
Backslash,KeyL,Backslash,KeyL,220,76,4.0,0
Backslash,KeyM,Backslash,KeyM,220,77,6.0,0
Backslash,KeyN,Backslash,KeyN,220,78,7.0,0
Backslash,KeyO,Backslash,KeyO,220,79,4.0,0
Backslash,KeyP,Backslash,KeyP,220,80,3.0,0
Backslash,KeyQ,Backslash,KeyQ,220,81,12.0,0
Backslash,KeyR,Backslash,KeyR,220,82,9.0,0
Backslash,KeyS,Backslash,KeyS,220,83,11.0,0
Backslash,KeyT,Backslash,KeyT,220,84,8.0,0
Backslash,KeyU,Backslash,KeyU,220,85,6.0,0
Backslash,KeyV,Backslash,KeyV,220,86,9.0,0
Backslash,KeyW,Backslash,KeyW,220,87,11.0,0
Backslash,KeyX,Backslash,KeyX,220,88,11.0,0
Backslash,KeyY,Backslash,KeyY,220,89,7.0,0
Backslash,KeyZ,Backslash,KeyZ,220,90,12.0,0
Backslash,Minus,Backslash,Minus,220,189,2.0,0
Backslash,Period,Backslash,Period,220,190,4.0,0
Backslash,Quote,Backslash,Quote,220,222,2.0,0
Backslash,Semicolon,Backslash,Semicolon,220,186,3.0,0
Backslash,Slash,Backslash,Slash,220,191,3.0,0
Backslash,Space,Backslash,Space,220,32,,0
BracketLeft,Backquote,BracketLeft,Backquote,219,192,11.0,0
BracketLeft,Backslash,BracketLeft,Backslash,219,220,2.0,0
BracketLeft,BracketLeft,BracketLeft,BracketLeft,219,219,0.0,0
BracketLeft,BracketRight,BracketLeft,BracketRight,219,221,1.0,1
BracketLeft,Comma,BracketLeft,Comma,219,188,3.0,0
BracketLeft,Digit0,BracketLeft,Digit0,219,48,1.0,1
BracketLeft,Digit1,BracketLeft,Digit1,219,49,10.0,0
BracketLeft,Digit2,BracketLeft,Digit2,219,50,9.0,0
BracketLeft,Digit3,BracketLeft,Digit3,219,51,8.0,0
BracketLeft,Digit4,BracketLeft,Digit4,219,52,7.0,0
BracketLeft,Digit5,BracketLeft,Digit5,219,53,6.0,0
BracketLeft,Digit6,BracketLeft,Digit6,219,54,5.0,0
BracketLeft,Digit7,BracketLeft,Digit7,219,55,4.0,0
BracketLeft,Digit8,BracketLeft,Digit8,219,56,3.0,0
BracketLeft,Digit9,BracketLeft,Digit9,219,57,2.0,0
BracketLeft,Equal,BracketLeft,Equal,219,187,1.0,1
BracketLeft,KeyA,BracketLeft,KeyA,219,65,10.0,0
BracketLeft,KeyB,BracketLeft,KeyB,219,66,6.0,0
BracketLeft,KeyC,BracketLeft,KeyC,219,67,8.0,0
BracketLeft,KeyD,BracketLeft,KeyD,219,68,8.0,0
BracketLeft,KeyE,BracketLeft,KeyE,219,69,8.0,0
BracketLeft,KeyF,BracketLeft,KeyF,219,70,7.0,0
BracketLeft,KeyG,BracketLeft,KeyG,219,71,6.0,0
BracketLeft,KeyH,BracketLeft,KeyH,219,72,5.0,0
BracketLeft,KeyI,BracketLeft,KeyI,219,73,3.0,0
BracketLeft,KeyJ,BracketLeft,KeyJ,219,74,4.0,0
BracketLeft,KeyK,BracketLeft,KeyK,219,75,3.0,0
BracketLeft,KeyL,BracketLeft,KeyL,219,76,2.0,0
BracketLeft,KeyM,BracketLeft,KeyM,219,77,4.0,0
BracketLeft,KeyN,BracketLeft,KeyN,219,78,5.0,0
BracketLeft,KeyO,BracketLeft,KeyO,219,79,2.0,0
BracketLeft,KeyP,BracketLeft,KeyP,219,80,1.0,1
BracketLeft,KeyQ,BracketLeft,KeyQ,219,81,10.0,0
BracketLeft,KeyR,BracketLeft,KeyR,219,82,7.0,0
BracketLeft,KeyS,BracketLeft,KeyS,219,83,9.0,0
BracketLeft,KeyT,BracketLeft,KeyT,219,84,6.0,0
BracketLeft,KeyU,BracketLeft,KeyU,219,85,4.0,0
BracketLeft,KeyV,BracketLeft,KeyV,219,86,7.0,0
BracketLeft,KeyW,BracketLeft,KeyW,219,87,9.0,0
BracketLeft,KeyX,BracketLeft,KeyX,219,88,9.0,0
BracketLeft,KeyY,BracketLeft,KeyY,219,89,5.0,0
BracketLeft,KeyZ,BracketLeft,KeyZ,219,90,10.0,0
BracketLeft,Minus,BracketLeft,Minus,219,189,1.0,1
BracketLeft,Period,BracketLeft,Period,219,190,2.0,0
BracketLeft,Quote,BracketLeft,Quote,219,222,1.0,1
BracketLeft,Semicolon,BracketLeft,Semicolon,219,186,1.0,1
BracketLeft,Slash,BracketLeft,Slash,219,191,2.0,0
BracketLeft,Space,BracketLeft,Space,219,32,,0
BracketRight,Backquote,BracketRight,Backquote,221,192,12.0,0
BracketRight,Backslash,BracketRight,Backslash,221,220,1.0,1
BracketRight,BracketLeft,BracketRight,BracketLeft,221,219,1.0,1
BracketRight,BracketRight,BracketRight,BracketRight,221,221,0.0,0
BracketRight,Comma,BracketRight,Comma,221,188,4.0,0
BracketRight,Digit0,BracketRight,Digit0,221,48,2.0,0
BracketRight,Digit1,BracketRight,Digit1,221,49,11.0,0
BracketRight,Digit2,BracketRight,Digit2,221,50,10.0,0
BracketRight,Digit3,BracketRight,Digit3,221,51,9.0,0
BracketRight,Digit4,BracketRight,Digit4,221,52,8.0,0
BracketRight,Digit5,BracketRight,Digit5,221,53,7.0,0
BracketRight,Digit6,BracketRight,Digit6,221,54,6.0,0
BracketRight,Digit7,BracketRight,Digit7,221,55,5.0,0
BracketRight,Digit8,BracketRight,Digit8,221,56,4.0,0
BracketRight,Digit9,BracketRight,Digit9,221,57,3.0,0
BracketRight,Equal,BracketRight,Equal,221,187,1.0,1
BracketRight,KeyA,BracketRight,KeyA,221,65,11.0,0
BracketRight,KeyB,BracketRight,KeyB,221,66,7.0,0
BracketRight,KeyC,BracketRight,KeyC,221,67,9.0,0
BracketRight,KeyD,BracketRight,KeyD,221,68,9.0,0
BracketRight,KeyE,BracketRight,KeyE,221,69,9.0,0
BracketRight,KeyF,BracketRight,KeyF,221,70,8.0,0
BracketRight,KeyG,BracketRight,KeyG,221,71,7.0,0
BracketRight,KeyH,BracketRight,KeyH,221,72,6.0,0
BracketRight,KeyI,BracketRight,KeyI,221,73,4.0,0
BracketRight,KeyJ,BracketRight,KeyJ,221,74,5.0,0
BracketRight,KeyK,BracketRight,KeyK,221,75,4.0,0
BracketRight,KeyL,BracketRight,KeyL,221,76,3.0,0
BracketRight,KeyM,BracketRight,KeyM,221,77,5.0,0
BracketRight,KeyN,BracketRight,KeyN,221,78,6.0,0
BracketRight,KeyO,BracketRight,KeyO,221,79,3.0,0
BracketRight,KeyP,BracketRight,KeyP,221,80,2.0,0
BracketRight,KeyQ,BracketRight,KeyQ,221,81,11.0,0
BracketRight,KeyR,BracketRight,KeyR,221,82,8.0,0
BracketRight,KeyS,BracketRight,KeyS,221,83,10.0,0
BracketRight,KeyT,BracketRight,KeyT,221,84,7.0,0
BracketRight,KeyU,BracketRight,KeyU,221,85,5.0,0
BracketRight,KeyV,BracketRight,KeyV,221,86,8.0,0
BracketRight,KeyW,BracketRight,KeyW,221,87,10.0,0
BracketRight,KeyX,BracketRight,KeyX,221,88,10.0,0
BracketRight,KeyY,BracketRight,KeyY,221,89,6.0,0
BracketRight,KeyZ,BracketRight,KeyZ,221,90,11.0,0
BracketRight,Minus,BracketRight,Minus,221,189,1.0,1
BracketRight,Period,BracketRight,Period,221,190,3.0,0
BracketRight,Quote,BracketRight,Quote,221,222,1.0,1
BracketRight,Semicolon,BracketRight,Semicolon,221,186,2.0,0
BracketRight,Slash,BracketRight,Slash,221,191,2.0,0
BracketRight,Space,BracketRight,Space,221,32,,0
Comma,Backquote,Comma,Backquote,188,192,8.0,0
Comma,Backslash,Comma,Backslash,188,220,5.0,0
Comma,BracketLeft,Comma,BracketLeft,188,219,3.0,0
Comma,BracketRight,Comma,BracketRight,188,221,4.0,0
Comma,Comma,Comma,Comma,188,188,0.0,0
Comma,Digit0,Comma,Digit0,188,48,3.0,0
Comma,Digit1,Comma,Digit1,188,49,7.0,0
Comma,Digit2,Comma,Digit2,188,50,6.0,0
Comma,Digit3,Comma,Digit3,188,51,5.0,0
Comma,Digit4,Comma,Digit4,188,52,4.0,0
Comma,Digit5,Comma,Digit5,188,53,3.0,0
Comma,Digit6,Comma,Digit6,188,54,3.0,0
Comma,Digit7,Comma,Digit7,188,55,3.0,0
Comma,Digit8,Comma,Digit8,188,56,3.0,0
Comma,Digit9,Comma,Digit9,188,57,3.0,0
Comma,Equal,Comma,Equal,188,187,4.0,0
Comma,KeyA,Comma,KeyA,188,65,7.0,0
Comma,KeyB,Comma,KeyB,188,66,3.0,0
Comma,KeyC,Comma,KeyC,188,67,5.0,0
Comma,KeyD,Comma,KeyD,188,68,5.0,0
Comma,KeyE,Comma,KeyE,188,69,5.0,0
Comma,KeyF,Comma,KeyF,188,70,4.0,0
Comma,KeyG,Comma,KeyG,188,71,3.0,0
Comma,KeyH,Comma,KeyH,188,72,2.0,0
Comma,KeyI,Comma,KeyI,188,73,2.0,0
Comma,KeyJ,Comma,KeyJ,188,74,1.0,1
Comma,KeyK,Comma,KeyK,188,75,1.0,1
Comma,KeyL,Comma,KeyL,188,76,1.0,1
Comma,KeyM,Comma,KeyM,188,77,1.0,1
Comma,KeyN,Comma,KeyN,188,78,2.0,0
Comma,KeyO,Comma,KeyO,188,79,2.0,0
Comma,KeyP,Comma,KeyP,188,80,2.0,0
Comma,KeyQ,Comma,KeyQ,188,81,7.0,0
Comma,KeyR,Comma,KeyR,188,82,4.0,0
Comma,KeyS,Comma,KeyS,188,83,6.0,0
Comma,KeyT,Comma,KeyT,188,84,3.0,0
Comma,KeyU,Comma,KeyU,188,85,2.0,0
Comma,KeyV,Comma,KeyV,188,86,4.0,0
Comma,KeyW,Comma,KeyW,188,87,6.0,0
Comma,KeyX,Comma,KeyX,188,88,6.0,0
Comma,KeyY,Comma,KeyY,188,89,2.0,0
Comma,KeyZ,Comma,KeyZ,188,90,7.0,0
Comma,Minus,Comma,Minus,188,189,3.0,0
Comma,Period,Comma,Period,188,190,1.0,1
Comma,Quote,Comma,Quote,188,222,3.0,0
Comma,Semicolon,Comma,Semicolon,188,186,2.0,0
Comma,Slash,Comma,Slash,188,191,2.0,0
Comma,Space,Comma,Space,188,32,,0
Digit0,Backquote,Digit0,Backquote,48,192,10.0,0
Digit0,Backslash,Digit0,Backslash,48,220,3.0,0
Digit0,BracketLeft,Digit0,BracketLeft,48,219,1.0,1
Digit0,BracketRight,Digit0,BracketRight,48,221,2.0,0
Digit0,Comma,Digit0,Comma,48,188,3.0,0
Digit0,Digit0,Digit0,Digit0,48,48,0.0,0
Digit0,Digit1,Digit0,Digit1,48,49,9.0,0
Digit0,Digit2,Digit0,Digit2,48,50,8.0,0
Digit0,Digit3,Digit0,Digit3,48,51,7.0,0
Digit0,Digit4,Digit0,Digit4,48,52,6.0,0
Digit0,Digit5,Digit0,Digit5,48,53,5.0,0
Digit0,Digit6,Digit0,Digit6,48,54,4.0,0
Digit0,Digit7,Digit0,Digit7,48,55,3.0,0
Digit0,Digit8,Digit0,Digit8,48,56,2.0,0
Digit0,Digit9,Digit0,Digit9,48,57,1.0,1
Digit0,Equal,Digit0,Equal,48,187,2.0,0
Digit0,KeyA,Digit0,KeyA,48,65,9.0,0
Digit0,KeyB,Digit0,KeyB,48,66,5.0,0
Digit0,KeyC,Digit0,KeyC,48,67,7.0,0
Digit0,KeyD,Digit0,KeyD,48,68,7.0,0
Digit0,KeyE,Digit0,KeyE,48,69,7.0,0
Digit0,KeyF,Digit0,KeyF,48,70,6.0,0
Digit0,KeyG,Digit0,KeyG,48,71,5.0,0
Digit0,KeyH,Digit0,KeyH,48,72,4.0,0
Digit0,KeyI,Digit0,KeyI,48,73,2.0,0
Digit0,KeyJ,Digit0,KeyJ,48,74,3.0,0
Digit0,KeyK,Digit0,KeyK,48,75,2.0,0
Digit0,KeyL,Digit0,KeyL,48,76,2.0,0
Digit0,KeyM,Digit0,KeyM,48,77,3.0,0
Digit0,KeyN,Digit0,KeyN,48,78,4.0,0
Digit0,KeyO,Digit0,KeyO,48,79,1.0,1
Digit0,KeyP,Digit0,KeyP,48,80,1.0,1
Digit0,KeyQ,Digit0,KeyQ,48,81,9.0,0
Digit0,KeyR,Digit0,KeyR,48,82,6.0,0
Digit0,KeyS,Digit0,KeyS,48,83,8.0,0
Digit0,KeyT,Digit0,KeyT,48,84,5.0,0
Digit0,KeyU,Digit0,KeyU,48,85,3.0,0
Digit0,KeyV,Digit0,KeyV,48,86,6.0,0
Digit0,KeyW,Digit0,KeyW,48,87,8.0,0
Digit0,KeyX,Digit0,KeyX,48,88,8.0,0
Digit0,KeyY,Digit0,KeyY,48,89,4.0,0
Digit0,KeyZ,Digit0,KeyZ,48,90,9.0,0
Digit0,Minus,Digit0,Minus,48,189,1.0,1
Digit0,Period,Digit0,Period,48,190,3.0,0
Digit0,Quote,Digit0,Quote,48,222,2.0,0
Digit0,Semicolon,Digit0,Semicolon,48,186,2.0,0
Digit0,Slash,Digit0,Slash,48,191,3.0,0
Digit0,Space,Digit0,Space,48,32,,0
Digit1,Backquote,Digit1,Backquote,49,192,1.0,1
Digit1,Backslash,Digit1,Backslash,49,220,12.0,0
Digit1,BracketLeft,Digit1,BracketLeft,49,219,10.0,0
Digit1,BracketRight,Digit1,BracketRight,49,221,11.0,0
Digit1,Comma,Digit1,Comma,49,188,7.0,0
Digit1,Digit0,Digit1,Digit0,49,48,9.0,0
Digit1,Digit1,Digit1,Digit1,49,49,0.0,0
Digit1,Digit2,Digit1,Digit2,49,50,1.0,1
Digit1,Digit3,Digit1,Digit3,49,51,2.0,0
Digit1,Digit4,Digit1,Digit4,49,52,3.0,0
Digit1,Digit5,Digit1,Digit5,49,53,4.0,0
Digit1,Digit6,Digit1,Digit6,49,54,5.0,0
Digit1,Digit7,Digit1,Digit7,49,55,6.0,0
Digit1,Digit8,Digit1,Digit8,49,56,7.0,0
Digit1,Digit9,Digit1,Digit9,49,57,8.0,0
Digit1,Equal,Digit1,Equal,49,187,11.0,0
Digit1,KeyA,Digit1,KeyA,49,65,2.0,0
Digit1,KeyB,Digit1,KeyB,49,66,4.0,0
Digit1,KeyC,Digit1,KeyC,49,67,3.0,0
Digit1,KeyD,Digit1,KeyD,49,68,2.0,0
Digit1,KeyE,Digit1,KeyE,49,69,2.0,0
Digit1,KeyF,Digit1,KeyF,49,70,3.0,0
Digit1,KeyG,Digit1,KeyG,49,71,4.0,0
Digit1,KeyH,Digit1,KeyH,49,72,5.0,0
Digit1,KeyI,Digit1,KeyI,49,73,7.0,0
Digit1,KeyJ,Digit1,KeyJ,49,74,6.0,0
Digit1,KeyK,Digit1,KeyK,49,75,7.0,0
Digit1,KeyL,Digit1,KeyL,49,76,8.0,0
Digit1,KeyM,Digit1,KeyM,49,77,6.0,0
Digit1,KeyN,Digit1,KeyN,49,78,5.0,0
Digit1,KeyO,Digit1,KeyO,49,79,8.0,0
Digit1,KeyP,Digit1,KeyP,49,80,9.0,0
Digit1,KeyQ,Digit1,KeyQ,49,81,1.0,1
Digit1,KeyR,Digit1,KeyR,49,82,3.0,0
Digit1,KeyS,Digit1,KeyS,49,83,2.0,0
Digit1,KeyT,Digit1,KeyT,49,84,4.0,0
Digit1,KeyU,Digit1,KeyU,49,85,6.0,0
Digit1,KeyV,Digit1,KeyV,49,86,3.0,0
Digit1,KeyW,Digit1,KeyW,49,87,1.0,1
Digit1,KeyX,Digit1,KeyX,49,88,3.0,0
Digit1,KeyY,Digit1,KeyY,49,89,5.0,0
Digit1,KeyZ,Digit1,KeyZ,49,90,3.0,0
Digit1,Minus,Digit1,Minus,49,189,10.0,0
Digit1,Period,Digit1,Period,49,190,8.0,0
Digit1,Quote,Digit1,Quote,49,222,10.0,0
Digit1,Semicolon,Digit1,Semicolon,49,186,9.0,0
Digit1,Slash,Digit1,Slash,49,191,9.0,0
Digit1,Space,Digit1,Space,49,32,,0
Digit2,Backquote,Digit2,Backquote,50,192,2.0,0
Digit2,Backslash,Digit2,Backslash,50,220,11.0,0
Digit2,BracketLeft,Digit2,BracketLeft,50,219,9.0,0
Digit2,BracketRight,Digit2,BracketRight,50,221,10.0,0
Digit2,Comma,Digit2,Comma,50,188,6.0,0
Digit2,Digit0,Digit2,Digit0,50,48,8.0,0
Digit2,Digit1,Digit2,Digit1,50,49,1.0,1
Digit2,Digit2,Digit2,Digit2,50,50,0.0,0
Digit2,Digit3,Digit2,Digit3,50,51,1.0,1
Digit2,Digit4,Digit2,Digit4,50,52,2.0,0
Digit2,Digit5,Digit2,Digit5,50,53,3.0,0
Digit2,Digit6,Digit2,Digit6,50,54,4.0,0
Digit2,Digit7,Digit2,Digit7,50,55,5.0,0
Digit2,Digit8,Digit2,Digit8,50,56,6.0,0
Digit2,Digit9,Digit2,Digit9,50,57,7.0,0
Digit2,Equal,Digit2,Equal,50,187,10.0,0
Digit2,KeyA,Digit2,KeyA,50,65,2.0,0
Digit2,KeyB,Digit2,KeyB,50,66,3.0,0
Digit2,KeyC,Digit2,KeyC,50,67,3.0,0
Digit2,KeyD,Digit2,KeyD,50,68,2.0,0
Digit2,KeyE,Digit2,KeyE,50,69,1.0,1
Digit2,KeyF,Digit2,KeyF,50,70,2.0,0
Digit2,KeyG,Digit2,KeyG,50,71,3.0,0
Digit2,KeyH,Digit2,KeyH,50,72,4.0,0
Digit2,KeyI,Digit2,KeyI,50,73,6.0,0
Digit2,KeyJ,Digit2,KeyJ,50,74,5.0,0
Digit2,KeyK,Digit2,KeyK,50,75,6.0,0
Digit2,KeyL,Digit2,KeyL,50,76,7.0,0
Digit2,KeyM,Digit2,KeyM,50,77,5.0,0
Digit2,KeyN,Digit2,KeyN,50,78,4.0,0
Digit2,KeyO,Digit2,KeyO,50,79,7.0,0
Digit2,KeyP,Digit2,KeyP,50,80,8.0,0
Digit2,KeyQ,Digit2,KeyQ,50,81,1.0,1
Digit2,KeyR,Digit2,KeyR,50,82,2.0,0
Digit2,KeyS,Digit2,KeyS,50,83,2.0,0
Digit2,KeyT,Digit2,KeyT,50,84,3.0,0
Digit2,KeyU,Digit2,KeyU,50,85,5.0,0
Digit2,KeyV,Digit2,KeyV,50,86,3.0,0
Digit2,KeyW,Digit2,KeyW,50,87,1.0,1
Digit2,KeyX,Digit2,KeyX,50,88,3.0,0
Digit2,KeyY,Digit2,KeyY,50,89,4.0,0
Digit2,KeyZ,Digit2,KeyZ,50,90,3.0,0
Digit2,Minus,Digit2,Minus,50,189,9.0,0
Digit2,Period,Digit2,Period,50,190,7.0,0
Digit2,Quote,Digit2,Quote,50,222,9.0,0
Digit2,Semicolon,Digit2,Semicolon,50,186,8.0,0
Digit2,Slash,Digit2,Slash,50,191,8.0,0
Digit2,Space,Digit2,Space,50,32,,0
Digit3,Backquote,Digit3,Backquote,51,192,3.0,0
Digit3,Backslash,Digit3,Backslash,51,220,10.0,0
Digit3,BracketLeft,Digit3,BracketLeft,51,219,8.0,0
Digit3,BracketRight,Digit3,BracketRight,51,221,9.0,0
Digit3,Comma,Digit3,Comma,51,188,5.0,0
Digit3,Digit0,Digit3,Digit0,51,48,7.0,0
Digit3,Digit1,Digit3,Digit1,51,49,2.0,0
Digit3,Digit2,Digit3,Digit2,51,50,1.0,1
Digit3,Digit3,Digit3,Digit3,51,51,0.0,0
Digit3,Digit4,Digit3,Digit4,51,52,1.0,1
Digit3,Digit5,Digit3,Digit5,51,53,2.0,0
Digit3,Digit6,Digit3,Digit6,51,54,3.0,0
Digit3,Digit7,Digit3,Digit7,51,55,4.0,0
Digit3,Digit8,Digit3,Digit8,51,56,5.0,0
Digit3,Digit9,Digit3,Digit9,51,57,6.0,0
Digit3,Equal,Digit3,Equal,51,187,9.0,0
Digit3,KeyA,Digit3,KeyA,51,65,2.0,0
Digit3,KeyB,Digit3,KeyB,51,66,3.0,0
Digit3,KeyC,Digit3,KeyC,51,67,3.0,0
Digit3,KeyD,Digit3,KeyD,51,68,2.0,0
Digit3,KeyE,Digit3,KeyE,51,69,1.0,1
Digit3,KeyF,Digit3,KeyF,51,70,2.0,0
Digit3,KeyG,Digit3,KeyG,51,71,2.0,0
Digit3,KeyH,Digit3,KeyH,51,72,3.0,0
Digit3,KeyI,Digit3,KeyI,51,73,5.0,0
Digit3,KeyJ,Digit3,KeyJ,51,74,4.0,0
Digit3,KeyK,Digit3,KeyK,51,75,5.0,0
Digit3,KeyL,Digit3,KeyL,51,76,6.0,0
Digit3,KeyM,Digit3,KeyM,51,77,4.0,0
Digit3,KeyN,Digit3,KeyN,51,78,3.0,0
Digit3,KeyO,Digit3,KeyO,51,79,6.0,0
Digit3,KeyP,Digit3,KeyP,51,80,7.0,0
Digit3,KeyQ,Digit3,KeyQ,51,81,2.0,0
Digit3,KeyR,Digit3,KeyR,51,82,1.0,1
Digit3,KeyS,Digit3,KeyS,51,83,2.0,0
Digit3,KeyT,Digit3,KeyT,51,84,2.0,0
Digit3,KeyU,Digit3,KeyU,51,85,4.0,0
Digit3,KeyV,Digit3,KeyV,51,86,3.0,0
Digit3,KeyW,Digit3,KeyW,51,87,1.0,1
Digit3,KeyX,Digit3,KeyX,51,88,3.0,0
Digit3,KeyY,Digit3,KeyY,51,89,3.0,0
Digit3,KeyZ,Digit3,KeyZ,51,90,3.0,0
Digit3,Minus,Digit3,Minus,51,189,8.0,0
Digit3,Period,Digit3,Period,51,190,6.0,0
Digit3,Quote,Digit3,Quote,51,222,8.0,0
Digit3,Semicolon,Digit3,Semicolon,51,186,7.0,0
Digit3,Slash,Digit3,Slash,51,191,7.0,0
Digit3,Space,Digit3,Space,51,32,,0
Digit4,Backquote,Digit4,Backquote,52,192,4.0,0
Digit4,Backslash,Digit4,Backslash,52,220,9.0,0
Digit4,BracketLeft,Digit4,BracketLeft,52,219,7.0,0
Digit4,BracketRight,Digit4,BracketRight,52,221,8.0,0
Digit4,Comma,Digit4,Comma,52,188,4.0,0
Digit4,Digit0,Digit4,Digit0,52,48,6.0,0
Digit4,Digit1,Digit4,Digit1,52,49,3.0,0
Digit4,Digit2,Digit4,Digit2,52,50,2.0,0
Digit4,Digit3,Digit4,Digit3,52,51,1.0,1
Digit4,Digit4,Digit4,Digit4,52,52,0.0,0
Digit4,Digit5,Digit4,Digit5,52,53,1.0,1
Digit4,Digit6,Digit4,Digit6,52,54,2.0,0
Digit4,Digit7,Digit4,Digit7,52,55,3.0,0
Digit4,Digit8,Digit4,Digit8,52,56,4.0,0
Digit4,Digit9,Digit4,Digit9,52,57,5.0,0
Digit4,Equal,Digit4,Equal,52,187,8.0,0
Digit4,KeyA,Digit4,KeyA,52,65,3.0,0
Digit4,KeyB,Digit4,KeyB,52,66,3.0,0
Digit4,KeyC,Digit4,KeyC,52,67,3.0,0
Digit4,KeyD,Digit4,KeyD,52,68,2.0,0
Digit4,KeyE,Digit4,KeyE,52,69,1.0,1
Digit4,KeyF,Digit4,KeyF,52,70,2.0,0
Digit4,KeyG,Digit4,KeyG,52,71,2.0,0
Digit4,KeyH,Digit4,KeyH,52,72,2.0,0
Digit4,KeyI,Digit4,KeyI,52,73,4.0,0
Digit4,KeyJ,Digit4,KeyJ,52,74,3.0,0
Digit4,KeyK,Digit4,KeyK,52,75,4.0,0
Digit4,KeyL,Digit4,KeyL,52,76,5.0,0
Digit4,KeyM,Digit4,KeyM,52,77,3.0,0
Digit4,KeyN,Digit4,KeyN,52,78,3.0,0
Digit4,KeyO,Digit4,KeyO,52,79,5.0,0
Digit4,KeyP,Digit4,KeyP,52,80,6.0,0
Digit4,KeyQ,Digit4,KeyQ,52,81,3.0,0
Digit4,KeyR,Digit4,KeyR,52,82,1.0,1
Digit4,KeyS,Digit4,KeyS,52,83,2.0,0
Digit4,KeyT,Digit4,KeyT,52,84,1.0,1
Digit4,KeyU,Digit4,KeyU,52,85,3.0,0
Digit4,KeyV,Digit4,KeyV,52,86,3.0,0
Digit4,KeyW,Digit4,KeyW,52,87,2.0,0
Digit4,KeyX,Digit4,KeyX,52,88,3.0,0
Digit4,KeyY,Digit4,KeyY,52,89,2.0,0
Digit4,KeyZ,Digit4,KeyZ,52,90,3.0,0
Digit4,Minus,Digit4,Minus,52,189,7.0,0
Digit4,Period,Digit4,Period,52,190,5.0,0
Digit4,Quote,Digit4,Quote,52,222,7.0,0
Digit4,Semicolon,Digit4,Semicolon,52,186,6.0,0
Digit4,Slash,Digit4,Slash,52,191,6.0,0
Digit4,Space,Digit4,Space,52,32,,0
Digit5,Backquote,Digit5,Backquote,53,192,5.0,0
Digit5,Backslash,Digit5,Backslash,53,220,8.0,0
Digit5,BracketLeft,Digit5,BracketLeft,53,219,6.0,0
Digit5,BracketRight,Digit5,BracketRight,53,221,7.0,0
Digit5,Comma,Digit5,Comma,53,188,3.0,0
Digit5,Digit0,Digit5,Digit0,53,48,5.0,0
Digit5,Digit1,Digit5,Digit1,53,49,4.0,0
Digit5,Digit2,Digit5,Digit2,53,50,3.0,0
Digit5,Digit3,Digit5,Digit3,53,51,2.0,0
Digit5,Digit4,Digit5,Digit4,53,52,1.0,1
Digit5,Digit5,Digit5,Digit5,53,53,0.0,0
Digit5,Digit6,Digit5,Digit6,53,54,1.0,1
Digit5,Digit7,Digit5,Digit7,53,55,2.0,0
Digit5,Digit8,Digit5,Digit8,53,56,3.0,0
Digit5,Digit9,Digit5,Digit9,53,57,4.0,0
Digit5,Equal,Digit5,Equal,53,187,7.0,0
Digit5,KeyA,Digit5,KeyA,53,65,4.0,0
Digit5,KeyB,Digit5,KeyB,53,66,3.0,0
Digit5,KeyC,Digit5,KeyC,53,67,3.0,0
Digit5,KeyD,Digit5,KeyD,53,68,2.0,0
Digit5,KeyE,Digit5,KeyE,53,69,2.0,0
Digit5,KeyF,Digit5,KeyF,53,70,2.0,0
Digit5,KeyG,Digit5,KeyG,53,71,2.0,0
Digit5,KeyH,Digit5,KeyH,53,72,2.0,0
Digit5,KeyI,Digit5,KeyI,53,73,3.0,0
Digit5,KeyJ,Digit5,KeyJ,53,74,2.0,0
Digit5,KeyK,Digit5,KeyK,53,75,3.0,0
Digit5,KeyL,Digit5,KeyL,53,76,4.0,0
Digit5,KeyM,Digit5,KeyM,53,77,3.0,0
Digit5,KeyN,Digit5,KeyN,53,78,3.0,0
Digit5,KeyO,Digit5,KeyO,53,79,4.0,0
Digit5,KeyP,Digit5,KeyP,53,80,5.0,0
Digit5,KeyQ,Digit5,KeyQ,53,81,4.0,0
Digit5,KeyR,Digit5,KeyR,53,82,1.0,1
Digit5,KeyS,Digit5,KeyS,53,83,3.0,0
Digit5,KeyT,Digit5,KeyT,53,84,1.0,1
Digit5,KeyU,Digit5,KeyU,53,85,2.0,0
Digit5,KeyV,Digit5,KeyV,53,86,3.0,0
Digit5,KeyW,Digit5,KeyW,53,87,3.0,0
Digit5,KeyX,Digit5,KeyX,53,88,3.0,0
Digit5,KeyY,Digit5,KeyY,53,89,1.0,1
Digit5,KeyZ,Digit5,KeyZ,53,90,4.0,0
Digit5,Minus,Digit5,Minus,53,189,6.0,0
Digit5,Period,Digit5,Period,53,190,4.0,0
Digit5,Quote,Digit5,Quote,53,222,6.0,0
Digit5,Semicolon,Digit5,Semicolon,53,186,5.0,0
Digit5,Slash,Digit5,Slash,53,191,5.0,0
Digit5,Space,Digit5,Space,53,32,,0
Digit6,Backquote,Digit6,Backquote,54,192,6.0,0
Digit6,Backslash,Digit6,Backslash,54,220,7.0,0
Digit6,BracketLeft,Digit6,BracketLeft,54,219,5.0,0
Digit6,BracketRight,Digit6,BracketRight,54,221,6.0,0
Digit6,Comma,Digit6,Comma,54,188,3.0,0
Digit6,Digit0,Digit6,Digit0,54,48,4.0,0
Digit6,Digit1,Digit6,Digit1,54,49,5.0,0
Digit6,Digit2,Digit6,Digit2,54,50,4.0,0
Digit6,Digit3,Digit6,Digit3,54,51,3.0,0
Digit6,Digit4,Digit6,Digit4,54,52,2.0,0
Digit6,Digit5,Digit6,Digit5,54,53,1.0,1
Digit6,Digit6,Digit6,Digit6,54,54,0.0,0
Digit6,Digit7,Digit6,Digit7,54,55,1.0,1
Digit6,Digit8,Digit6,Digit8,54,56,2.0,0
Digit6,Digit9,Digit6,Digit9,54,57,3.0,0
Digit6,Equal,Digit6,Equal,54,187,6.0,0
Digit6,KeyA,Digit6,KeyA,54,65,5.0,0
Digit6,KeyB,Digit6,KeyB,54,66,3.0,0
Digit6,KeyC,Digit6,KeyC,54,67,3.0,0
Digit6,KeyD,Digit6,KeyD,54,68,3.0,0
Digit6,KeyE,Digit6,KeyE,54,69,3.0,0
Digit6,KeyF,Digit6,KeyF,54,70,2.0,0
Digit6,KeyG,Digit6,KeyG,54,71,2.0,0
Digit6,KeyH,Digit6,KeyH,54,72,2.0,0
Digit6,KeyI,Digit6,KeyI,54,73,2.0,0
Digit6,KeyJ,Digit6,KeyJ,54,74,2.0,0
Digit6,KeyK,Digit6,KeyK,54,75,2.0,0
Digit6,KeyL,Digit6,KeyL,54,76,3.0,0
Digit6,KeyM,Digit6,KeyM,54,77,3.0,0
Digit6,KeyN,Digit6,KeyN,54,78,3.0,0
Digit6,KeyO,Digit6,KeyO,54,79,3.0,0
Digit6,KeyP,Digit6,KeyP,54,80,4.0,0
Digit6,KeyQ,Digit6,KeyQ,54,81,5.0,0
Digit6,KeyR,Digit6,KeyR,54,82,2.0,0
Digit6,KeyS,Digit6,KeyS,54,83,4.0,0
Digit6,KeyT,Digit6,KeyT,54,84,1.0,1
Digit6,KeyU,Digit6,KeyU,54,85,1.0,1
Digit6,KeyV,Digit6,KeyV,54,86,3.0,0
Digit6,KeyW,Digit6,KeyW,54,87,4.0,0
Digit6,KeyX,Digit6,KeyX,54,88,4.0,0
Digit6,KeyY,Digit6,KeyY,54,89,1.0,1
Digit6,KeyZ,Digit6,KeyZ,54,90,5.0,0
Digit6,Minus,Digit6,Minus,54,189,5.0,0
Digit6,Period,Digit6,Period,54,190,3.0,0
Digit6,Quote,Digit6,Quote,54,222,5.0,0
Digit6,Semicolon,Digit6,Semicolon,54,186,4.0,0
Digit6,Slash,Digit6,Slash,54,191,4.0,0
Digit6,Space,Digit6,Space,54,32,,0
Digit7,Backquote,Digit7,Backquote,55,192,7.0,0
Digit7,Backslash,Digit7,Backslash,55,220,6.0,0
Digit7,BracketLeft,Digit7,BracketLeft,55,219,4.0,0
Digit7,BracketRight,Digit7,BracketRight,55,221,5.0,0
Digit7,Comma,Digit7,Comma,55,188,3.0,0
Digit7,Digit0,Digit7,Digit0,55,48,3.0,0
Digit7,Digit1,Digit7,Digit1,55,49,6.0,0
Digit7,Digit2,Digit7,Digit2,55,50,5.0,0
Digit7,Digit3,Digit7,Digit3,55,51,4.0,0
Digit7,Digit4,Digit7,Digit4,55,52,3.0,0
Digit7,Digit5,Digit7,Digit5,55,53,2.0,0
Digit7,Digit6,Digit7,Digit6,55,54,1.0,1
Digit7,Digit7,Digit7,Digit7,55,55,0.0,0
Digit7,Digit8,Digit7,Digit8,55,56,1.0,1
Digit7,Digit9,Digit7,Digit9,55,57,2.0,0
Digit7,Equal,Digit7,Equal,55,187,5.0,0
Digit7,KeyA,Digit7,KeyA,55,65,6.0,0
Digit7,KeyB,Digit7,KeyB,55,66,3.0,0
Digit7,KeyC,Digit7,KeyC,55,67,4.0,0
Digit7,KeyD,Digit7,KeyD,55,68,4.0,0
Digit7,KeyE,Digit7,KeyE,55,69,4.0,0
Digit7,KeyF,Digit7,KeyF,55,70,3.0,0
Digit7,KeyG,Digit7,KeyG,55,71,2.0,0
Digit7,KeyH,Digit7,KeyH,55,72,2.0,0
Digit7,KeyI,Digit7,KeyI,55,73,1.0,1
Digit7,KeyJ,Digit7,KeyJ,55,74,2.0,0
Digit7,KeyK,Digit7,KeyK,55,75,2.0,0
Digit7,KeyL,Digit7,KeyL,55,76,2.0,0
Digit7,KeyM,Digit7,KeyM,55,77,3.0,0
Digit7,KeyN,Digit7,KeyN,55,78,3.0,0
Digit7,KeyO,Digit7,KeyO,55,79,2.0,0
Digit7,KeyP,Digit7,KeyP,55,80,3.0,0
Digit7,KeyQ,Digit7,KeyQ,55,81,6.0,0
Digit7,KeyR,Digit7,KeyR,55,82,3.0,0
Digit7,KeyS,Digit7,KeyS,55,83,5.0,0
Digit7,KeyT,Digit7,KeyT,55,84,2.0,0
Digit7,KeyU,Digit7,KeyU,55,85,1.0,1
Digit7,KeyV,Digit7,KeyV,55,86,3.0,0
Digit7,KeyW,Digit7,KeyW,55,87,5.0,0
Digit7,KeyX,Digit7,KeyX,55,88,5.0,0
Digit7,KeyY,Digit7,KeyY,55,89,1.0,1
Digit7,KeyZ,Digit7,KeyZ,55,90,6.0,0
Digit7,Minus,Digit7,Minus,55,189,4.0,0
Digit7,Period,Digit7,Period,55,190,3.0,0
Digit7,Quote,Digit7,Quote,55,222,4.0,0
Digit7,Semicolon,Digit7,Semicolon,55,186,3.0,0
Digit7,Slash,Digit7,Slash,55,191,3.0,0
Digit7,Space,Digit7,Space,55,32,,0
Digit8,Backquote,Digit8,Backquote,56,192,8.0,0
Digit8,Backslash,Digit8,Backslash,56,220,5.0,0
Digit8,BracketLeft,Digit8,BracketLeft,56,219,3.0,0
Digit8,BracketRight,Digit8,BracketRight,56,221,4.0,0
Digit8,Comma,Digit8,Comma,56,188,3.0,0
Digit8,Digit0,Digit8,Digit0,56,48,2.0,0
Digit8,Digit1,Digit8,Digit1,56,49,7.0,0
Digit8,Digit2,Digit8,Digit2,56,50,6.0,0
Digit8,Digit3,Digit8,Digit3,56,51,5.0,0
Digit8,Digit4,Digit8,Digit4,56,52,4.0,0
Digit8,Digit5,Digit8,Digit5,56,53,3.0,0
Digit8,Digit6,Digit8,Digit6,56,54,2.0,0
Digit8,Digit7,Digit8,Digit7,56,55,1.0,1
Digit8,Digit8,Digit8,Digit8,56,56,0.0,0
Digit8,Digit9,Digit8,Digit9,56,57,1.0,1
Digit8,Equal,Digit8,Equal,56,187,4.0,0
Digit8,KeyA,Digit8,KeyA,56,65,7.0,0
Digit8,KeyB,Digit8,KeyB,56,66,3.0,0
Digit8,KeyC,Digit8,KeyC,56,67,5.0,0
Digit8,KeyD,Digit8,KeyD,56,68,5.0,0
Digit8,KeyE,Digit8,KeyE,56,69,5.0,0
Digit8,KeyF,Digit8,KeyF,56,70,4.0,0
Digit8,KeyG,Digit8,KeyG,56,71,3.0,0
Digit8,KeyH,Digit8,KeyH,56,72,2.0,0
Digit8,KeyI,Digit8,KeyI,56,73,1.0,1
Digit8,KeyJ,Digit8,KeyJ,56,74,2.0,0
Digit8,KeyK,Digit8,KeyK,56,75,2.0,0
Digit8,KeyL,Digit8,KeyL,56,76,2.0,0
Digit8,KeyM,Digit8,KeyM,56,77,3.0,0
Digit8,KeyN,Digit8,KeyN,56,78,3.0,0
Digit8,KeyO,Digit8,KeyO,56,79,1.0,1
Digit8,KeyP,Digit8,KeyP,56,80,2.0,0
Digit8,KeyQ,Digit8,KeyQ,56,81,7.0,0
Digit8,KeyR,Digit8,KeyR,56,82,4.0,0
Digit8,KeyS,Digit8,KeyS,56,83,6.0,0
Digit8,KeyT,Digit8,KeyT,56,84,3.0,0
Digit8,KeyU,Digit8,KeyU,56,85,1.0,1
Digit8,KeyV,Digit8,KeyV,56,86,4.0,0
Digit8,KeyW,Digit8,KeyW,56,87,6.0,0
Digit8,KeyX,Digit8,KeyX,56,88,6.0,0
Digit8,KeyY,Digit8,KeyY,56,89,2.0,0
Digit8,KeyZ,Digit8,KeyZ,56,90,7.0,0
Digit8,Minus,Digit8,Minus,56,189,3.0,0
Digit8,Period,Digit8,Period,56,190,3.0,0
Digit8,Quote,Digit8,Quote,56,222,3.0,0
Digit8,Semicolon,Digit8,Semicolon,56,186,2.0,0
Digit8,Slash,Digit8,Slash,56,191,3.0,0
Digit8,Space,Digit8,Space,56,32,,0
Digit9,Backquote,Digit9,Backquote,57,192,9.0,0
Digit9,Backslash,Digit9,Backslash,57,220,4.0,0
Digit9,BracketLeft,Digit9,BracketLeft,57,219,2.0,0
Digit9,BracketRight,Digit9,BracketRight,57,221,3.0,0
Digit9,Comma,Digit9,Comma,57,188,3.0,0
Digit9,Digit0,Digit9,Digit0,57,48,1.0,1
Digit9,Digit1,Digit9,Digit1,57,49,8.0,0
Digit9,Digit2,Digit9,Digit2,57,50,7.0,0
Digit9,Digit3,Digit9,Digit3,57,51,6.0,0
Digit9,Digit4,Digit9,Digit4,57,52,5.0,0
Digit9,Digit5,Digit9,Digit5,57,53,4.0,0
Digit9,Digit6,Digit9,Digit6,57,54,3.0,0
Digit9,Digit7,Digit9,Digit7,57,55,2.0,0
Digit9,Digit8,Digit9,Digit8,57,56,1.0,1
Digit9,Digit9,Digit9,Digit9,57,57,0.0,0
Digit9,Equal,Digit9,Equal,57,187,3.0,0
Digit9,KeyA,Digit9,KeyA,57,65,8.0,0
Digit9,KeyB,Digit9,KeyB,57,66,4.0,0
Digit9,KeyC,Digit9,KeyC,57,67,6.0,0
Digit9,KeyD,Digit9,KeyD,57,68,6.0,0
Digit9,KeyE,Digit9,KeyE,57,69,6.0,0
Digit9,KeyF,Digit9,KeyF,57,70,5.0,0
Digit9,KeyG,Digit9,KeyG,57,71,4.0,0
Digit9,KeyH,Digit9,KeyH,57,72,3.0,0
Digit9,KeyI,Digit9,KeyI,57,73,1.0,1
Digit9,KeyJ,Digit9,KeyJ,57,74,2.0,0
Digit9,KeyK,Digit9,KeyK,57,75,2.0,0
Digit9,KeyL,Digit9,KeyL,57,76,2.0,0
Digit9,KeyM,Digit9,KeyM,57,77,3.0,0
Digit9,KeyN,Digit9,KeyN,57,78,3.0,0
Digit9,KeyO,Digit9,KeyO,57,79,1.0,1
Digit9,KeyP,Digit9,KeyP,57,80,1.0,1
Digit9,KeyQ,Digit9,KeyQ,57,81,8.0,0
Digit9,KeyR,Digit9,KeyR,57,82,5.0,0
Digit9,KeyS,Digit9,KeyS,57,83,7.0,0
Digit9,KeyT,Digit9,KeyT,57,84,4.0,0
Digit9,KeyU,Digit9,KeyU,57,85,2.0,0
Digit9,KeyV,Digit9,KeyV,57,86,5.0,0
Digit9,KeyW,Digit9,KeyW,57,87,7.0,0
Digit9,KeyX,Digit9,KeyX,57,88,7.0,0
Digit9,KeyY,Digit9,KeyY,57,89,3.0,0
Digit9,KeyZ,Digit9,KeyZ,57,90,8.0,0
Digit9,Minus,Digit9,Minus,57,189,2.0,0
Digit9,Period,Digit9,Period,57,190,3.0,0
Digit9,Quote,Digit9,Quote,57,222,2.0,0
Digit9,Semicolon,Digit9,Semicolon,57,186,2.0,0
Digit9,Slash,Digit9,Slash,57,191,3.0,0
Digit9,Space,Digit9,Space,57,32,,0
Equal,Backquote,Equal,Backquote,187,192,12.0,0
Equal,Backslash,Equal,Backslash,187,220,1.0,1
Equal,BracketLeft,Equal,BracketLeft,187,219,1.0,1
Equal,BracketRight,Equal,BracketRight,187,221,1.0,1
Equal,Comma,Equal,Comma,187,188,4.0,0
Equal,Digit0,Equal,Digit0,187,48,2.0,0
Equal,Digit1,Equal,Digit1,187,49,11.0,0
Equal,Digit2,Equal,Digit2,187,50,10.0,0
Equal,Digit3,Equal,Digit3,187,51,9.0,0
Equal,Digit4,Equal,Digit4,187,52,8.0,0
Equal,Digit5,Equal,Digit5,187,53,7.0,0
Equal,Digit6,Equal,Digit6,187,54,6.0,0
Equal,Digit7,Equal,Digit7,187,55,5.0,0
Equal,Digit8,Equal,Digit8,187,56,4.0,0
Equal,Digit9,Equal,Digit9,187,57,3.0,0
Equal,Equal,Equal,Equal,187,187,0.0,0
Equal,KeyA,Equal,KeyA,187,65,11.0,0
Equal,KeyB,Equal,KeyB,187,66,7.0,0
Equal,KeyC,Equal,KeyC,187,67,9.0,0
Equal,KeyD,Equal,KeyD,187,68,9.0,0
Equal,KeyE,Equal,KeyE,187,69,9.0,0
Equal,KeyF,Equal,KeyF,187,70,8.0,0
Equal,KeyG,Equal,KeyG,187,71,7.0,0
Equal,KeyH,Equal,KeyH,187,72,6.0,0
Equal,KeyI,Equal,KeyI,187,73,4.0,0
Equal,KeyJ,Equal,KeyJ,187,74,5.0,0
Equal,KeyK,Equal,KeyK,187,75,4.0,0
Equal,KeyL,Equal,KeyL,187,76,3.0,0
Equal,KeyM,Equal,KeyM,187,77,5.0,0
Equal,KeyN,Equal,KeyN,187,78,6.0,0
Equal,KeyO,Equal,KeyO,187,79,3.0,0
Equal,KeyP,Equal,KeyP,187,80,2.0,0
Equal,KeyQ,Equal,KeyQ,187,81,11.0,0
Equal,KeyR,Equal,KeyR,187,82,8.0,0
Equal,KeyS,Equal,KeyS,187,83,10.0,0
Equal,KeyT,Equal,KeyT,187,84,7.0,0
Equal,KeyU,Equal,KeyU,187,85,5.0,0
Equal,KeyV,Equal,KeyV,187,86,8.0,0
Equal,KeyW,Equal,KeyW,187,87,10.0,0
Equal,KeyX,Equal,KeyX,187,88,10.0,0
Equal,KeyY,Equal,KeyY,187,89,6.0,0
Equal,KeyZ,Equal,KeyZ,187,90,11.0,0
Equal,Minus,Equal,Minus,187,189,1.0,1
Equal,Period,Equal,Period,187,190,3.0,0
Equal,Quote,Equal,Quote,187,222,2.0,0
Equal,Semicolon,Equal,Semicolon,187,186,2.0,0
Equal,Slash,Equal,Slash,187,191,3.0,0
Equal,Space,Equal,Space,187,32,,0
KeyA,Backquote,KeyA,Backquote,65,192,2.0,0
KeyA,Backslash,KeyA,Backslash,65,220,12.0,0
KeyA,BracketLeft,KeyA,BracketLeft,65,219,10.0,0
KeyA,BracketRight,KeyA,BracketRight,65,221,11.0,0
KeyA,Comma,KeyA,Comma,65,188,7.0,0
KeyA,Digit0,KeyA,Digit0,65,48,9.0,0
KeyA,Digit1,KeyA,Digit1,65,49,2.0,0
KeyA,Digit2,KeyA,Digit2,65,50,2.0,0
KeyA,Digit3,KeyA,Digit3,65,51,2.0,0
KeyA,Digit4,KeyA,Digit4,65,52,3.0,0
KeyA,Digit5,KeyA,Digit5,65,53,4.0,0
KeyA,Digit6,KeyA,Digit6,65,54,5.0,0
KeyA,Digit7,KeyA,Digit7,65,55,6.0,0
KeyA,Digit8,KeyA,Digit8,65,56,7.0,0
KeyA,Digit9,KeyA,Digit9,65,57,8.0,0
KeyA,Equal,KeyA,Equal,65,187,11.0,0
KeyA,KeyA,KeyA,KeyA,65,65,0.0,0
KeyA,KeyB,KeyA,KeyB,65,66,4.0,0
KeyA,KeyC,KeyA,KeyC,65,67,2.0,0
KeyA,KeyD,KeyA,KeyD,65,68,2.0,0
KeyA,KeyE,KeyA,KeyE,65,69,2.0,0
KeyA,KeyF,KeyA,KeyF,65,70,3.0,0
KeyA,KeyG,KeyA,KeyG,65,71,4.0,0
KeyA,KeyH,KeyA,KeyH,65,72,5.0,0
KeyA,KeyI,KeyA,KeyI,65,73,7.0,0
KeyA,KeyJ,KeyA,KeyJ,65,74,6.0,0
KeyA,KeyK,KeyA,KeyK,65,75,7.0,0
KeyA,KeyL,KeyA,KeyL,65,76,8.0,0
KeyA,KeyM,KeyA,KeyM,65,77,6.0,0
KeyA,KeyN,KeyA,KeyN,65,78,5.0,0
KeyA,KeyO,KeyA,KeyO,65,79,8.0,0
KeyA,KeyP,KeyA,KeyP,65,80,9.0,0
KeyA,KeyQ,KeyA,KeyQ,65,81,1.0,1
KeyA,KeyR,KeyA,KeyR,65,82,3.0,0
KeyA,KeyS,KeyA,KeyS,65,83,1.0,1
KeyA,KeyT,KeyA,KeyT,65,84,4.0,0
KeyA,KeyU,KeyA,KeyU,65,85,6.0,0
KeyA,KeyV,KeyA,KeyV,65,86,3.0,0
KeyA,KeyW,KeyA,KeyW,65,87,1.0,1
KeyA,KeyX,KeyA,KeyX,65,88,1.0,1
KeyA,KeyY,KeyA,KeyY,65,89,5.0,0
KeyA,KeyZ,KeyA,KeyZ,65,90,1.0,1
KeyA,Minus,KeyA,Minus,65,189,10.0,0
KeyA,Period,KeyA,Period,65,190,8.0,0
KeyA,Quote,KeyA,Quote,65,222,10.0,0
KeyA,Semicolon,KeyA,Semicolon,65,186,9.0,0
KeyA,Slash,KeyA,Slash,65,191,9.0,0
KeyA,Space,KeyA,Space,65,32,,0
KeyB,Backquote,KeyB,Backquote,66,192,5.0,0
KeyB,Backslash,KeyB,Backslash,66,220,8.0,0
KeyB,BracketLeft,KeyB,BracketLeft,66,219,6.0,0
KeyB,BracketRight,KeyB,BracketRight,66,221,7.0,0
KeyB,Comma,KeyB,Comma,66,188,3.0,0
KeyB,Digit0,KeyB,Digit0,66,48,5.0,0
KeyB,Digit1,KeyB,Digit1,66,49,4.0,0
KeyB,Digit2,KeyB,Digit2,66,50,3.0,0
KeyB,Digit3,KeyB,Digit3,66,51,3.0,0
KeyB,Digit4,KeyB,Digit4,66,52,3.0,0
KeyB,Digit5,KeyB,Digit5,66,53,3.0,0
KeyB,Digit6,KeyB,Digit6,66,54,3.0,0
KeyB,Digit7,KeyB,Digit7,66,55,3.0,0
KeyB,Digit8,KeyB,Digit8,66,56,3.0,0
KeyB,Digit9,KeyB,Digit9,66,57,4.0,0
KeyB,Equal,KeyB,Equal,66,187,7.0,0
KeyB,KeyA,KeyB,KeyA,66,65,4.0,0
KeyB,KeyB,KeyB,KeyB,66,66,0.0,0
KeyB,KeyC,KeyB,KeyC,66,67,2.0,0
KeyB,KeyD,KeyB,KeyD,66,68,2.0,0
KeyB,KeyE,KeyB,KeyE,66,69,2.0,0
KeyB,KeyF,KeyB,KeyF,66,70,1.0,1
KeyB,KeyG,KeyB,KeyG,66,71,1.0,1
KeyB,KeyH,KeyB,KeyH,66,72,1.0,1
KeyB,KeyI,KeyB,KeyI,66,73,3.0,0
KeyB,KeyJ,KeyB,KeyJ,66,74,2.0,0
KeyB,KeyK,KeyB,KeyK,66,75,3.0,0
KeyB,KeyL,KeyB,KeyL,66,76,4.0,0
KeyB,KeyM,KeyB,KeyM,66,77,2.0,0
KeyB,KeyN,KeyB,KeyN,66,78,1.0,1
KeyB,KeyO,KeyB,KeyO,66,79,4.0,0
KeyB,KeyP,KeyB,KeyP,66,80,5.0,0
KeyB,KeyQ,KeyB,KeyQ,66,81,4.0,0
KeyB,KeyR,KeyB,KeyR,66,82,2.0,0
KeyB,KeyS,KeyB,KeyS,66,83,3.0,0
KeyB,KeyT,KeyB,KeyT,66,84,2.0,0
KeyB,KeyU,KeyB,KeyU,66,85,2.0,0
KeyB,KeyV,KeyB,KeyV,66,86,1.0,1
KeyB,KeyW,KeyB,KeyW,66,87,3.0,0
KeyB,KeyX,KeyB,KeyX,66,88,3.0,0
KeyB,KeyY,KeyB,KeyY,66,89,2.0,0
KeyB,KeyZ,KeyB,KeyZ,66,90,4.0,0
KeyB,Minus,KeyB,Minus,66,189,6.0,0
KeyB,Period,KeyB,Period,66,190,4.0,0
KeyB,Quote,KeyB,Quote,66,222,6.0,0
KeyB,Semicolon,KeyB,Semicolon,66,186,5.0,0
KeyB,Slash,KeyB,Slash,66,191,5.0,0
KeyB,Space,KeyB,Space,66,32,,0
KeyC,Backquote,KeyC,Backquote,67,192,3.0,0
KeyC,Backslash,KeyC,Backslash,67,220,10.0,0
KeyC,BracketLeft,KeyC,BracketLeft,67,219,8.0,0
KeyC,BracketRight,KeyC,BracketRight,67,221,9.0,0
KeyC,Comma,KeyC,Comma,67,188,5.0,0
KeyC,Digit0,KeyC,Digit0,67,48,7.0,0
KeyC,Digit1,KeyC,Digit1,67,49,3.0,0
KeyC,Digit2,KeyC,Digit2,67,50,3.0,0
KeyC,Digit3,KeyC,Digit3,67,51,3.0,0
KeyC,Digit4,KeyC,Digit4,67,52,3.0,0
KeyC,Digit5,KeyC,Digit5,67,53,3.0,0
KeyC,Digit6,KeyC,Digit6,67,54,3.0,0
KeyC,Digit7,KeyC,Digit7,67,55,4.0,0
KeyC,Digit8,KeyC,Digit8,67,56,5.0,0
KeyC,Digit9,KeyC,Digit9,67,57,6.0,0
KeyC,Equal,KeyC,Equal,67,187,9.0,0
KeyC,KeyA,KeyC,KeyA,67,65,2.0,0
KeyC,KeyB,KeyC,KeyB,67,66,2.0,0
KeyC,KeyC,KeyC,KeyC,67,67,0.0,0
KeyC,KeyD,KeyC,KeyD,67,68,1.0,1
KeyC,KeyE,KeyC,KeyE,67,69,2.0,0
KeyC,KeyF,KeyC,KeyF,67,70,1.0,1
KeyC,KeyG,KeyC,KeyG,67,71,2.0,0
KeyC,KeyH,KeyC,KeyH,67,72,3.0,0
KeyC,KeyI,KeyC,KeyI,67,73,5.0,0
KeyC,KeyJ,KeyC,KeyJ,67,74,4.0,0
KeyC,KeyK,KeyC,KeyK,67,75,5.0,0
KeyC,KeyL,KeyC,KeyL,67,76,6.0,0
KeyC,KeyM,KeyC,KeyM,67,77,4.0,0
KeyC,KeyN,KeyC,KeyN,67,78,3.0,0
KeyC,KeyO,KeyC,KeyO,67,79,6.0,0
KeyC,KeyP,KeyC,KeyP,67,80,7.0,0
KeyC,KeyQ,KeyC,KeyQ,67,81,2.0,0
KeyC,KeyR,KeyC,KeyR,67,82,2.0,0
KeyC,KeyS,KeyC,KeyS,67,83,1.0,1
KeyC,KeyT,KeyC,KeyT,67,84,2.0,0
KeyC,KeyU,KeyC,KeyU,67,85,4.0,0
KeyC,KeyV,KeyC,KeyV,67,86,1.0,1
KeyC,KeyW,KeyC,KeyW,67,87,2.0,0
KeyC,KeyX,KeyC,KeyX,67,88,1.0,1
KeyC,KeyY,KeyC,KeyY,67,89,3.0,0
KeyC,KeyZ,KeyC,KeyZ,67,90,2.0,0
KeyC,Minus,KeyC,Minus,67,189,8.0,0
KeyC,Period,KeyC,Period,67,190,6.0,0
KeyC,Quote,KeyC,Quote,67,222,8.0,0
KeyC,Semicolon,KeyC,Semicolon,67,186,7.0,0
KeyC,Slash,KeyC,Slash,67,191,7.0,0
KeyC,Space,KeyC,Space,67,32,,0
KeyD,Backquote,KeyD,Backquote,68,192,3.0,0
KeyD,Backslash,KeyD,Backslash,68,220,10.0,0
KeyD,BracketLeft,KeyD,BracketLeft,68,219,8.0,0
KeyD,BracketRight,KeyD,BracketRight,68,221,9.0,0
KeyD,Comma,KeyD,Comma,68,188,5.0,0
KeyD,Digit0,KeyD,Digit0,68,48,7.0,0
KeyD,Digit1,KeyD,Digit1,68,49,2.0,0
KeyD,Digit2,KeyD,Digit2,68,50,2.0,0
KeyD,Digit3,KeyD,Digit3,68,51,2.0,0
KeyD,Digit4,KeyD,Digit4,68,52,2.0,0
KeyD,Digit5,KeyD,Digit5,68,53,2.0,0
KeyD,Digit6,KeyD,Digit6,68,54,3.0,0
KeyD,Digit7,KeyD,Digit7,68,55,4.0,0
KeyD,Digit8,KeyD,Digit8,68,56,5.0,0
KeyD,Digit9,KeyD,Digit9,68,57,6.0,0
KeyD,Equal,KeyD,Equal,68,187,9.0,0
KeyD,KeyA,KeyD,KeyA,68,65,2.0,0
KeyD,KeyB,KeyD,KeyB,68,66,2.0,0
KeyD,KeyC,KeyD,KeyC,68,67,1.0,1
KeyD,KeyD,KeyD,KeyD,68,68,0.0,0
KeyD,KeyE,KeyD,KeyE,68,69,1.0,1
KeyD,KeyF,KeyD,KeyF,68,70,1.0,1
KeyD,KeyG,KeyD,KeyG,68,71,2.0,0
KeyD,KeyH,KeyD,KeyH,68,72,3.0,0
KeyD,KeyI,KeyD,KeyI,68,73,5.0,0
KeyD,KeyJ,KeyD,KeyJ,68,74,4.0,0
KeyD,KeyK,KeyD,KeyK,68,75,5.0,0
KeyD,KeyL,KeyD,KeyL,68,76,6.0,0
KeyD,KeyM,KeyD,KeyM,68,77,4.0,0
KeyD,KeyN,KeyD,KeyN,68,78,3.0,0
KeyD,KeyO,KeyD,KeyO,68,79,6.0,0
KeyD,KeyP,KeyD,KeyP,68,80,7.0,0
KeyD,KeyQ,KeyD,KeyQ,68,81,2.0,0
KeyD,KeyR,KeyD,KeyR,68,82,1.0,1
KeyD,KeyS,KeyD,KeyS,68,83,1.0,1
KeyD,KeyT,KeyD,KeyT,68,84,2.0,0
KeyD,KeyU,KeyD,KeyU,68,85,4.0,0
KeyD,KeyV,KeyD,KeyV,68,86,1.0,1
KeyD,KeyW,KeyD,KeyW,68,87,1.0,1
KeyD,KeyX,KeyD,KeyX,68,88,1.0,1
KeyD,KeyY,KeyD,KeyY,68,89,3.0,0
KeyD,KeyZ,KeyD,KeyZ,68,90,2.0,0
KeyD,Minus,KeyD,Minus,68,189,8.0,0
KeyD,Period,KeyD,Period,68,190,6.0,0
KeyD,Quote,KeyD,Quote,68,222,8.0,0
KeyD,Semicolon,KeyD,Semicolon,68,186,7.0,0
KeyD,Slash,KeyD,Slash,68,191,7.0,0
KeyD,Space,KeyD,Space,68,32,,0
KeyE,Backquote,KeyE,Backquote,69,192,3.0,0
KeyE,Backslash,KeyE,Backslash,69,220,10.0,0
KeyE,BracketLeft,KeyE,BracketLeft,69,219,8.0,0
KeyE,BracketRight,KeyE,BracketRight,69,221,9.0,0
KeyE,Comma,KeyE,Comma,69,188,5.0,0
KeyE,Digit0,KeyE,Digit0,69,48,7.0,0
KeyE,Digit1,KeyE,Digit1,69,49,2.0,0
KeyE,Digit2,KeyE,Digit2,69,50,1.0,1
KeyE,Digit3,KeyE,Digit3,69,51,1.0,1
KeyE,Digit4,KeyE,Digit4,69,52,1.0,1
KeyE,Digit5,KeyE,Digit5,69,53,2.0,0
KeyE,Digit6,KeyE,Digit6,69,54,3.0,0
KeyE,Digit7,KeyE,Digit7,69,55,4.0,0
KeyE,Digit8,KeyE,Digit8,69,56,5.0,0
KeyE,Digit9,KeyE,Digit9,69,57,6.0,0
KeyE,Equal,KeyE,Equal,69,187,9.0,0
KeyE,KeyA,KeyE,KeyA,69,65,2.0,0
KeyE,KeyB,KeyE,KeyB,69,66,2.0,0
KeyE,KeyC,KeyE,KeyC,69,67,2.0,0
KeyE,KeyD,KeyE,KeyD,69,68,1.0,1
KeyE,KeyE,KeyE,KeyE,69,69,0.0,0
KeyE,KeyF,KeyE,KeyF,69,70,1.0,1
KeyE,KeyG,KeyE,KeyG,69,71,2.0,0
KeyE,KeyH,KeyE,KeyH,69,72,3.0,0
KeyE,KeyI,KeyE,KeyI,69,73,5.0,0
KeyE,KeyJ,KeyE,KeyJ,69,74,4.0,0
KeyE,KeyK,KeyE,KeyK,69,75,5.0,0
KeyE,KeyL,KeyE,KeyL,69,76,6.0,0
KeyE,KeyM,KeyE,KeyM,69,77,4.0,0
KeyE,KeyN,KeyE,KeyN,69,78,3.0,0
KeyE,KeyO,KeyE,KeyO,69,79,6.0,0
KeyE,KeyP,KeyE,KeyP,69,80,7.0,0
KeyE,KeyQ,KeyE,KeyQ,69,81,2.0,0
KeyE,KeyR,KeyE,KeyR,69,82,1.0,1
KeyE,KeyS,KeyE,KeyS,69,83,1.0,1
KeyE,KeyT,KeyE,KeyT,69,84,2.0,0
KeyE,KeyU,KeyE,KeyU,69,85,4.0,0
KeyE,KeyV,KeyE,KeyV,69,86,2.0,0
KeyE,KeyW,KeyE,KeyW,69,87,1.0,1
KeyE,KeyX,KeyE,KeyX,69,88,2.0,0
KeyE,KeyY,KeyE,KeyY,69,89,3.0,0
KeyE,KeyZ,KeyE,KeyZ,69,90,2.0,0
KeyE,Minus,KeyE,Minus,69,189,8.0,0
KeyE,Period,KeyE,Period,69,190,6.0,0
KeyE,Quote,KeyE,Quote,69,222,8.0,0
KeyE,Semicolon,KeyE,Semicolon,69,186,7.0,0
KeyE,Slash,KeyE,Slash,69,191,7.0,0
KeyE,Space,KeyE,Space,69,32,,0
KeyF,Backquote,KeyF,Backquote,70,192,4.0,0
KeyF,Backslash,KeyF,Backslash,70,220,9.0,0
KeyF,BracketLeft,KeyF,BracketLeft,70,219,7.0,0
KeyF,BracketRight,KeyF,BracketRight,70,221,8.0,0
KeyF,Comma,KeyF,Comma,70,188,4.0,0
KeyF,Digit0,KeyF,Digit0,70,48,6.0,0
KeyF,Digit1,KeyF,Digit1,70,49,3.0,0
KeyF,Digit2,KeyF,Digit2,70,50,2.0,0
KeyF,Digit3,KeyF,Digit3,70,51,2.0,0
KeyF,Digit4,KeyF,Digit4,70,52,2.0,0
KeyF,Digit5,KeyF,Digit5,70,53,2.0,0
KeyF,Digit6,KeyF,Digit6,70,54,2.0,0
KeyF,Digit7,KeyF,Digit7,70,55,3.0,0
KeyF,Digit8,KeyF,Digit8,70,56,4.0,0
KeyF,Digit9,KeyF,Digit9,70,57,5.0,0
KeyF,Equal,KeyF,Equal,70,187,8.0,0
KeyF,KeyA,KeyF,KeyA,70,65,3.0,0
KeyF,KeyB,KeyF,KeyB,70,66,1.0,1
KeyF,KeyC,KeyF,KeyC,70,67,1.0,1
KeyF,KeyD,KeyF,KeyD,70,68,1.0,1
KeyF,KeyE,KeyF,KeyE,70,69,1.0,1
KeyF,KeyF,KeyF,KeyF,70,70,0.0,0
KeyF,KeyG,KeyF,KeyG,70,71,1.0,1
KeyF,KeyH,KeyF,KeyH,70,72,2.0,0
KeyF,KeyI,KeyF,KeyI,70,73,4.0,0
KeyF,KeyJ,KeyF,KeyJ,70,74,3.0,0
KeyF,KeyK,KeyF,KeyK,70,75,4.0,0
KeyF,KeyL,KeyF,KeyL,70,76,5.0,0
KeyF,KeyM,KeyF,KeyM,70,77,3.0,0
KeyF,KeyN,KeyF,KeyN,70,78,2.0,0
KeyF,KeyO,KeyF,KeyO,70,79,5.0,0
KeyF,KeyP,KeyF,KeyP,70,80,6.0,0
KeyF,KeyQ,KeyF,KeyQ,70,81,3.0,0
KeyF,KeyR,KeyF,KeyR,70,82,1.0,1
KeyF,KeyS,KeyF,KeyS,70,83,2.0,0
KeyF,KeyT,KeyF,KeyT,70,84,1.0,1
KeyF,KeyU,KeyF,KeyU,70,85,3.0,0
KeyF,KeyV,KeyF,KeyV,70,86,1.0,1
KeyF,KeyW,KeyF,KeyW,70,87,2.0,0
KeyF,KeyX,KeyF,KeyX,70,88,2.0,0
KeyF,KeyY,KeyF,KeyY,70,89,2.0,0
KeyF,KeyZ,KeyF,KeyZ,70,90,3.0,0
KeyF,Minus,KeyF,Minus,70,189,7.0,0
KeyF,Period,KeyF,Period,70,190,5.0,0
KeyF,Quote,KeyF,Quote,70,222,7.0,0
KeyF,Semicolon,KeyF,Semicolon,70,186,6.0,0
KeyF,Slash,KeyF,Slash,70,191,6.0,0
KeyF,Space,KeyF,Space,70,32,,0
KeyG,Backquote,KeyG,Backquote,71,192,5.0,0
KeyG,Backslash,KeyG,Backslash,71,220,8.0,0
KeyG,BracketLeft,KeyG,BracketLeft,71,219,6.0,0
KeyG,BracketRight,KeyG,BracketRight,71,221,7.0,0
KeyG,Comma,KeyG,Comma,71,188,3.0,0
KeyG,Digit0,KeyG,Digit0,71,48,5.0,0
KeyG,Digit1,KeyG,Digit1,71,49,4.0,0
KeyG,Digit2,KeyG,Digit2,71,50,3.0,0
KeyG,Digit3,KeyG,Digit3,71,51,2.0,0
KeyG,Digit4,KeyG,Digit4,71,52,2.0,0
KeyG,Digit5,KeyG,Digit5,71,53,2.0,0
KeyG,Digit6,KeyG,Digit6,71,54,2.0,0
KeyG,Digit7,KeyG,Digit7,71,55,2.0,0
KeyG,Digit8,KeyG,Digit8,71,56,3.0,0
KeyG,Digit9,KeyG,Digit9,71,57,4.0,0
KeyG,Equal,KeyG,Equal,71,187,7.0,0
KeyG,KeyA,KeyG,KeyA,71,65,4.0,0
KeyG,KeyB,KeyG,KeyB,71,66,1.0,1
KeyG,KeyC,KeyG,KeyC,71,67,2.0,0
KeyG,KeyD,KeyG,KeyD,71,68,2.0,0
KeyG,KeyE,KeyG,KeyE,71,69,2.0,0
KeyG,KeyF,KeyG,KeyF,71,70,1.0,1
KeyG,KeyG,KeyG,KeyG,71,71,0.0,0
KeyG,KeyH,KeyG,KeyH,71,72,1.0,1
KeyG,KeyI,KeyG,KeyI,71,73,3.0,0
KeyG,KeyJ,KeyG,KeyJ,71,74,2.0,0
KeyG,KeyK,KeyG,KeyK,71,75,3.0,0
KeyG,KeyL,KeyG,KeyL,71,76,4.0,0
KeyG,KeyM,KeyG,KeyM,71,77,2.0,0
KeyG,KeyN,KeyG,KeyN,71,78,1.0,1
KeyG,KeyO,KeyG,KeyO,71,79,4.0,0
KeyG,KeyP,KeyG,KeyP,71,80,5.0,0
KeyG,KeyQ,KeyG,KeyQ,71,81,4.0,0
KeyG,KeyR,KeyG,KeyR,71,82,1.0,1
KeyG,KeyS,KeyG,KeyS,71,83,3.0,0
KeyG,KeyT,KeyG,KeyT,71,84,1.0,1
KeyG,KeyU,KeyG,KeyU,71,85,2.0,0
KeyG,KeyV,KeyG,KeyV,71,86,1.0,1
KeyG,KeyW,KeyG,KeyW,71,87,3.0,0
KeyG,KeyX,KeyG,KeyX,71,88,3.0,0
KeyG,KeyY,KeyG,KeyY,71,89,1.0,1
KeyG,KeyZ,KeyG,KeyZ,71,90,4.0,0
KeyG,Minus,KeyG,Minus,71,189,6.0,0
KeyG,Period,KeyG,Period,71,190,4.0,0
KeyG,Quote,KeyG,Quote,71,222,6.0,0
KeyG,Semicolon,KeyG,Semicolon,71,186,5.0,0
KeyG,Slash,KeyG,Slash,71,191,5.0,0
KeyG,Space,KeyG,Space,71,32,,0
KeyH,Backquote,KeyH,Backquote,72,192,6.0,0
KeyH,Backslash,KeyH,Backslash,72,220,7.0,0
KeyH,BracketLeft,KeyH,BracketLeft,72,219,5.0,0
KeyH,BracketRight,KeyH,BracketRight,72,221,6.0,0
KeyH,Comma,KeyH,Comma,72,188,2.0,0
KeyH,Digit0,KeyH,Digit0,72,48,4.0,0
KeyH,Digit1,KeyH,Digit1,72,49,5.0,0
KeyH,Digit2,KeyH,Digit2,72,50,4.0,0
KeyH,Digit3,KeyH,Digit3,72,51,3.0,0
KeyH,Digit4,KeyH,Digit4,72,52,2.0,0
KeyH,Digit5,KeyH,Digit5,72,53,2.0,0
KeyH,Digit6,KeyH,Digit6,72,54,2.0,0
KeyH,Digit7,KeyH,Digit7,72,55,2.0,0
KeyH,Digit8,KeyH,Digit8,72,56,2.0,0
KeyH,Digit9,KeyH,Digit9,72,57,3.0,0
KeyH,Equal,KeyH,Equal,72,187,6.0,0
KeyH,KeyA,KeyH,KeyA,72,65,5.0,0
KeyH,KeyB,KeyH,KeyB,72,66,1.0,1
KeyH,KeyC,KeyH,KeyC,72,67,3.0,0
KeyH,KeyD,KeyH,KeyD,72,68,3.0,0
KeyH,KeyE,KeyH,KeyE,72,69,3.0,0
KeyH,KeyF,KeyH,KeyF,72,70,2.0,0
KeyH,KeyG,KeyH,KeyG,72,71,1.0,1
KeyH,KeyH,KeyH,KeyH,72,72,0.0,0
KeyH,KeyI,KeyH,KeyI,72,73,2.0,0
KeyH,KeyJ,KeyH,KeyJ,72,74,1.0,1
KeyH,KeyK,KeyH,KeyK,72,75,2.0,0
KeyH,KeyL,KeyH,KeyL,72,76,3.0,0
KeyH,KeyM,KeyH,KeyM,72,77,1.0,1
KeyH,KeyN,KeyH,KeyN,72,78,1.0,1
KeyH,KeyO,KeyH,KeyO,72,79,3.0,0
KeyH,KeyP,KeyH,KeyP,72,80,4.0,0
KeyH,KeyQ,KeyH,KeyQ,72,81,5.0,0
KeyH,KeyR,KeyH,KeyR,72,82,2.0,0
KeyH,KeyS,KeyH,KeyS,72,83,4.0,0
KeyH,KeyT,KeyH,KeyT,72,84,1.0,1
KeyH,KeyU,KeyH,KeyU,72,85,1.0,1
KeyH,KeyV,KeyH,KeyV,72,86,2.0,0
KeyH,KeyW,KeyH,KeyW,72,87,4.0,0
KeyH,KeyX,KeyH,KeyX,72,88,4.0,0
KeyH,KeyY,KeyH,KeyY,72,89,1.0,1
KeyH,KeyZ,KeyH,KeyZ,72,90,5.0,0
KeyH,Minus,KeyH,Minus,72,189,5.0,0
KeyH,Period,KeyH,Period,72,190,3.0,0
KeyH,Quote,KeyH,Quote,72,222,5.0,0
KeyH,Semicolon,KeyH,Semicolon,72,186,4.0,0
KeyH,Slash,KeyH,Slash,72,191,4.0,0
KeyH,Space,KeyH,Space,72,32,,0
KeyI,Backquote,KeyI,Backquote,73,192,8.0,0
KeyI,Backslash,KeyI,Backslash,73,220,5.0,0
KeyI,BracketLeft,KeyI,BracketLeft,73,219,3.0,0
KeyI,BracketRight,KeyI,BracketRight,73,221,4.0,0
KeyI,Comma,KeyI,Comma,73,188,2.0,0
KeyI,Digit0,KeyI,Digit0,73,48,2.0,0
KeyI,Digit1,KeyI,Digit1,73,49,7.0,0
KeyI,Digit2,KeyI,Digit2,73,50,6.0,0
KeyI,Digit3,KeyI,Digit3,73,51,5.0,0
KeyI,Digit4,KeyI,Digit4,73,52,4.0,0
KeyI,Digit5,KeyI,Digit5,73,53,3.0,0
KeyI,Digit6,KeyI,Digit6,73,54,2.0,0
KeyI,Digit7,KeyI,Digit7,73,55,1.0,1
KeyI,Digit8,KeyI,Digit8,73,56,1.0,1
KeyI,Digit9,KeyI,Digit9,73,57,1.0,1
KeyI,Equal,KeyI,Equal,73,187,4.0,0
KeyI,KeyA,KeyI,KeyA,73,65,7.0,0
KeyI,KeyB,KeyI,KeyB,73,66,3.0,0
KeyI,KeyC,KeyI,KeyC,73,67,5.0,0
KeyI,KeyD,KeyI,KeyD,73,68,5.0,0
KeyI,KeyE,KeyI,KeyE,73,69,5.0,0
KeyI,KeyF,KeyI,KeyF,73,70,4.0,0
KeyI,KeyG,KeyI,KeyG,73,71,3.0,0
KeyI,KeyH,KeyI,KeyH,73,72,2.0,0
KeyI,KeyI,KeyI,KeyI,73,73,0.0,0
KeyI,KeyJ,KeyI,KeyJ,73,74,1.0,1
KeyI,KeyK,KeyI,KeyK,73,75,1.0,1
KeyI,KeyL,KeyI,KeyL,73,76,1.0,1
KeyI,KeyM,KeyI,KeyM,73,77,2.0,0
KeyI,KeyN,KeyI,KeyN,73,78,2.0,0
KeyI,KeyO,KeyI,KeyO,73,79,1.0,1
KeyI,KeyP,KeyI,KeyP,73,80,2.0,0
KeyI,KeyQ,KeyI,KeyQ,73,81,7.0,0
KeyI,KeyR,KeyI,KeyR,73,82,4.0,0
KeyI,KeyS,KeyI,KeyS,73,83,6.0,0
KeyI,KeyT,KeyI,KeyT,73,84,3.0,0
KeyI,KeyU,KeyI,KeyU,73,85,1.0,1
KeyI,KeyV,KeyI,KeyV,73,86,4.0,0
KeyI,KeyW,KeyI,KeyW,73,87,6.0,0
KeyI,KeyX,KeyI,KeyX,73,88,6.0,0
KeyI,KeyY,KeyI,KeyY,73,89,2.0,0
KeyI,KeyZ,KeyI,KeyZ,73,90,7.0,0
KeyI,Minus,KeyI,Minus,73,189,3.0,0
KeyI,Period,KeyI,Period,73,190,2.0,0
KeyI,Quote,KeyI,Quote,73,222,3.0,0
KeyI,Semicolon,KeyI,Semicolon,73,186,2.0,0
KeyI,Slash,KeyI,Slash,73,191,2.0,0
KeyI,Space,KeyI,Space,73,32,,0
KeyJ,Backquote,KeyJ,Backquote,74,192,7.0,0
KeyJ,Backslash,KeyJ,Backslash,74,220,6.0,0
KeyJ,BracketLeft,KeyJ,BracketLeft,74,219,4.0,0
KeyJ,BracketRight,KeyJ,BracketRight,74,221,5.0,0
KeyJ,Comma,KeyJ,Comma,74,188,1.0,1
KeyJ,Digit0,KeyJ,Digit0,74,48,3.0,0
KeyJ,Digit1,KeyJ,Digit1,74,49,6.0,0
KeyJ,Digit2,KeyJ,Digit2,74,50,5.0,0
KeyJ,Digit3,KeyJ,Digit3,74,51,4.0,0
KeyJ,Digit4,KeyJ,Digit4,74,52,3.0,0
KeyJ,Digit5,KeyJ,Digit5,74,53,2.0,0
KeyJ,Digit6,KeyJ,Digit6,74,54,2.0,0
KeyJ,Digit7,KeyJ,Digit7,74,55,2.0,0
KeyJ,Digit8,KeyJ,Digit8,74,56,2.0,0
KeyJ,Digit9,KeyJ,Digit9,74,57,2.0,0
KeyJ,Equal,KeyJ,Equal,74,187,5.0,0
KeyJ,KeyA,KeyJ,KeyA,74,65,6.0,0
KeyJ,KeyB,KeyJ,KeyB,74,66,2.0,0
KeyJ,KeyC,KeyJ,KeyC,74,67,4.0,0
KeyJ,KeyD,KeyJ,KeyD,74,68,4.0,0
KeyJ,KeyE,KeyJ,KeyE,74,69,4.0,0
KeyJ,KeyF,KeyJ,KeyF,74,70,3.0,0
KeyJ,KeyG,KeyJ,KeyG,74,71,2.0,0
KeyJ,KeyH,KeyJ,KeyH,74,72,1.0,1
KeyJ,KeyI,KeyJ,KeyI,74,73,1.0,1
KeyJ,KeyJ,KeyJ,KeyJ,74,74,0.0,0
KeyJ,KeyK,KeyJ,KeyK,74,75,1.0,1
KeyJ,KeyL,KeyJ,KeyL,74,76,2.0,0
KeyJ,KeyM,KeyJ,KeyM,74,77,1.0,1
KeyJ,KeyN,KeyJ,KeyN,74,78,1.0,1
KeyJ,KeyO,KeyJ,KeyO,74,79,2.0,0
KeyJ,KeyP,KeyJ,KeyP,74,80,3.0,0
KeyJ,KeyQ,KeyJ,KeyQ,74,81,6.0,0
KeyJ,KeyR,KeyJ,KeyR,74,82,3.0,0
KeyJ,KeyS,KeyJ,KeyS,74,83,5.0,0
KeyJ,KeyT,KeyJ,KeyT,74,84,2.0,0
KeyJ,KeyU,KeyJ,KeyU,74,85,1.0,1
KeyJ,KeyV,KeyJ,KeyV,74,86,3.0,0
KeyJ,KeyW,KeyJ,KeyW,74,87,5.0,0
KeyJ,KeyX,KeyJ,KeyX,74,88,5.0,0
KeyJ,KeyY,KeyJ,KeyY,74,89,1.0,1
KeyJ,KeyZ,KeyJ,KeyZ,74,90,6.0,0
KeyJ,Minus,KeyJ,Minus,74,189,4.0,0
KeyJ,Period,KeyJ,Period,74,190,2.0,0
KeyJ,Quote,KeyJ,Quote,74,222,4.0,0
KeyJ,Semicolon,KeyJ,Semicolon,74,186,3.0,0
KeyJ,Slash,KeyJ,Slash,74,191,3.0,0
KeyJ,Space,KeyJ,Space,74,32,,0
KeyK,Backquote,KeyK,Backquote,75,192,8.0,0
KeyK,Backslash,KeyK,Backslash,75,220,5.0,0
KeyK,BracketLeft,KeyK,BracketLeft,75,219,3.0,0
KeyK,BracketRight,KeyK,BracketRight,75,221,4.0,0
KeyK,Comma,KeyK,Comma,75,188,1.0,1
KeyK,Digit0,KeyK,Digit0,75,48,2.0,0
KeyK,Digit1,KeyK,Digit1,75,49,7.0,0
KeyK,Digit2,KeyK,Digit2,75,50,6.0,0
KeyK,Digit3,KeyK,Digit3,75,51,5.0,0
KeyK,Digit4,KeyK,Digit4,75,52,4.0,0
KeyK,Digit5,KeyK,Digit5,75,53,3.0,0
KeyK,Digit6,KeyK,Digit6,75,54,2.0,0
KeyK,Digit7,KeyK,Digit7,75,55,2.0,0
KeyK,Digit8,KeyK,Digit8,75,56,2.0,0
KeyK,Digit9,KeyK,Digit9,75,57,2.0,0
KeyK,Equal,KeyK,Equal,75,187,4.0,0
KeyK,KeyA,KeyK,KeyA,75,65,7.0,0
KeyK,KeyB,KeyK,KeyB,75,66,3.0,0
KeyK,KeyC,KeyK,KeyC,75,67,5.0,0
KeyK,KeyD,KeyK,KeyD,75,68,5.0,0
KeyK,KeyE,KeyK,KeyE,75,69,5.0,0
KeyK,KeyF,KeyK,KeyF,75,70,4.0,0
KeyK,KeyG,KeyK,KeyG,75,71,3.0,0
KeyK,KeyH,KeyK,KeyH,75,72,2.0,0
KeyK,KeyI,KeyK,KeyI,75,73,1.0,1
KeyK,KeyJ,KeyK,KeyJ,75,74,1.0,1
KeyK,KeyK,KeyK,KeyK,75,75,0.0,0
KeyK,KeyL,KeyK,KeyL,75,76,1.0,1
KeyK,KeyM,KeyK,KeyM,75,77,1.0,1
KeyK,KeyN,KeyK,KeyN,75,78,2.0,0
KeyK,KeyO,KeyK,KeyO,75,79,1.0,1
KeyK,KeyP,KeyK,KeyP,75,80,2.0,0
KeyK,KeyQ,KeyK,KeyQ,75,81,7.0,0
KeyK,KeyR,KeyK,KeyR,75,82,4.0,0
KeyK,KeyS,KeyK,KeyS,75,83,6.0,0
KeyK,KeyT,KeyK,KeyT,75,84,3.0,0
KeyK,KeyU,KeyK,KeyU,75,85,1.0,1
KeyK,KeyV,KeyK,KeyV,75,86,4.0,0
KeyK,KeyW,KeyK,KeyW,75,87,6.0,0
KeyK,KeyX,KeyK,KeyX,75,88,6.0,0
KeyK,KeyY,KeyK,KeyY,75,89,2.0,0
KeyK,KeyZ,KeyK,KeyZ,75,90,7.0,0
KeyK,Minus,KeyK,Minus,75,189,3.0,0
KeyK,Period,KeyK,Period,75,190,1.0,1
KeyK,Quote,KeyK,Quote,75,222,3.0,0
KeyK,Semicolon,KeyK,Semicolon,75,186,2.0,0
KeyK,Slash,KeyK,Slash,75,191,2.0,0
KeyK,Space,KeyK,Space,75,32,,0
KeyL,Backquote,KeyL,Backquote,76,192,9.0,0
KeyL,Backslash,KeyL,Backslash,76,220,4.0,0
KeyL,BracketLeft,KeyL,BracketLeft,76,219,2.0,0
KeyL,BracketRight,KeyL,BracketRight,76,221,3.0,0
KeyL,Comma,KeyL,Comma,76,188,1.0,1
KeyL,Digit0,KeyL,Digit0,76,48,2.0,0
KeyL,Digit1,KeyL,Digit1,76,49,8.0,0
KeyL,Digit2,KeyL,Digit2,76,50,7.0,0
KeyL,Digit3,KeyL,Digit3,76,51,6.0,0
KeyL,Digit4,KeyL,Digit4,76,52,5.0,0
KeyL,Digit5,KeyL,Digit5,76,53,4.0,0
KeyL,Digit6,KeyL,Digit6,76,54,3.0,0
KeyL,Digit7,KeyL,Digit7,76,55,2.0,0
KeyL,Digit8,KeyL,Digit8,76,56,2.0,0
KeyL,Digit9,KeyL,Digit9,76,57,2.0,0
KeyL,Equal,KeyL,Equal,76,187,3.0,0
KeyL,KeyA,KeyL,KeyA,76,65,8.0,0
KeyL,KeyB,KeyL,KeyB,76,66,4.0,0
KeyL,KeyC,KeyL,KeyC,76,67,6.0,0
KeyL,KeyD,KeyL,KeyD,76,68,6.0,0
KeyL,KeyE,KeyL,KeyE,76,69,6.0,0
KeyL,KeyF,KeyL,KeyF,76,70,5.0,0
KeyL,KeyG,KeyL,KeyG,76,71,4.0,0
KeyL,KeyH,KeyL,KeyH,76,72,3.0,0
KeyL,KeyI,KeyL,KeyI,76,73,1.0,1
KeyL,KeyJ,KeyL,KeyJ,76,74,2.0,0
KeyL,KeyK,KeyL,KeyK,76,75,1.0,1
KeyL,KeyL,KeyL,KeyL,76,76,0.0,0
KeyL,KeyM,KeyL,KeyM,76,77,2.0,0
KeyL,KeyN,KeyL,KeyN,76,78,3.0,0
KeyL,KeyO,KeyL,KeyO,76,79,1.0,1
KeyL,KeyP,KeyL,KeyP,76,80,1.0,1
KeyL,KeyQ,KeyL,KeyQ,76,81,8.0,0
KeyL,KeyR,KeyL,KeyR,76,82,5.0,0
KeyL,KeyS,KeyL,KeyS,76,83,7.0,0
KeyL,KeyT,KeyL,KeyT,76,84,4.0,0
KeyL,KeyU,KeyL,KeyU,76,85,2.0,0
KeyL,KeyV,KeyL,KeyV,76,86,5.0,0
KeyL,KeyW,KeyL,KeyW,76,87,7.0,0
KeyL,KeyX,KeyL,KeyX,76,88,7.0,0
KeyL,KeyY,KeyL,KeyY,76,89,3.0,0
KeyL,KeyZ,KeyL,KeyZ,76,90,8.0,0
KeyL,Minus,KeyL,Minus,76,189,2.0,0
KeyL,Period,KeyL,Period,76,190,1.0,1
KeyL,Quote,KeyL,Quote,76,222,2.0,0
KeyL,Semicolon,KeyL,Semicolon,76,186,1.0,1
KeyL,Slash,KeyL,Slash,76,191,1.0,1
KeyL,Space,KeyL,Space,76,32,,0
KeyM,Backquote,KeyM,Backquote,77,192,7.0,0
KeyM,Backslash,KeyM,Backslash,77,220,6.0,0
KeyM,BracketLeft,KeyM,BracketLeft,77,219,4.0,0
KeyM,BracketRight,KeyM,BracketRight,77,221,5.0,0
KeyM,Comma,KeyM,Comma,77,188,1.0,1
KeyM,Digit0,KeyM,Digit0,77,48,3.0,0
KeyM,Digit1,KeyM,Digit1,77,49,6.0,0
KeyM,Digit2,KeyM,Digit2,77,50,5.0,0
KeyM,Digit3,KeyM,Digit3,77,51,4.0,0
KeyM,Digit4,KeyM,Digit4,77,52,3.0,0
KeyM,Digit5,KeyM,Digit5,77,53,3.0,0
KeyM,Digit6,KeyM,Digit6,77,54,3.0,0
KeyM,Digit7,KeyM,Digit7,77,55,3.0,0
KeyM,Digit8,KeyM,Digit8,77,56,3.0,0
KeyM,Digit9,KeyM,Digit9,77,57,3.0,0
KeyM,Equal,KeyM,Equal,77,187,5.0,0
KeyM,KeyA,KeyM,KeyA,77,65,6.0,0
KeyM,KeyB,KeyM,KeyB,77,66,2.0,0
KeyM,KeyC,KeyM,KeyC,77,67,4.0,0
KeyM,KeyD,KeyM,KeyD,77,68,4.0,0
KeyM,KeyE,KeyM,KeyE,77,69,4.0,0
KeyM,KeyF,KeyM,KeyF,77,70,3.0,0
KeyM,KeyG,KeyM,KeyG,77,71,2.0,0
KeyM,KeyH,KeyM,KeyH,77,72,1.0,1
KeyM,KeyI,KeyM,KeyI,77,73,2.0,0
KeyM,KeyJ,KeyM,KeyJ,77,74,1.0,1
KeyM,KeyK,KeyM,KeyK,77,75,1.0,1
KeyM,KeyL,KeyM,KeyL,77,76,2.0,0
KeyM,KeyM,KeyM,KeyM,77,77,0.0,0
KeyM,KeyN,KeyM,KeyN,77,78,1.0,1
KeyM,KeyO,KeyM,KeyO,77,79,2.0,0
KeyM,KeyP,KeyM,KeyP,77,80,3.0,0
KeyM,KeyQ,KeyM,KeyQ,77,81,6.0,0
KeyM,KeyR,KeyM,KeyR,77,82,3.0,0
KeyM,KeyS,KeyM,KeyS,77,83,5.0,0
KeyM,KeyT,KeyM,KeyT,77,84,2.0,0
KeyM,KeyU,KeyM,KeyU,77,85,2.0,0
KeyM,KeyV,KeyM,KeyV,77,86,3.0,0
KeyM,KeyW,KeyM,KeyW,77,87,5.0,0
KeyM,KeyX,KeyM,KeyX,77,88,5.0,0
KeyM,KeyY,KeyM,KeyY,77,89,2.0,0
KeyM,KeyZ,KeyM,KeyZ,77,90,6.0,0
KeyM,Minus,KeyM,Minus,77,189,4.0,0
KeyM,Period,KeyM,Period,77,190,2.0,0
KeyM,Quote,KeyM,Quote,77,222,4.0,0
KeyM,Semicolon,KeyM,Semicolon,77,186,3.0,0
KeyM,Slash,KeyM,Slash,77,191,3.0,0
KeyM,Space,KeyM,Space,77,32,,0
KeyN,Backquote,KeyN,Backquote,78,192,6.0,0
KeyN,Backslash,KeyN,Backslash,78,220,7.0,0
KeyN,BracketLeft,KeyN,BracketLeft,78,219,5.0,0
KeyN,BracketRight,KeyN,BracketRight,78,221,6.0,0
KeyN,Comma,KeyN,Comma,78,188,2.0,0
KeyN,Digit0,KeyN,Digit0,78,48,4.0,0
KeyN,Digit1,KeyN,Digit1,78,49,5.0,0
KeyN,Digit2,KeyN,Digit2,78,50,4.0,0
KeyN,Digit3,KeyN,Digit3,78,51,3.0,0
KeyN,Digit4,KeyN,Digit4,78,52,3.0,0
KeyN,Digit5,KeyN,Digit5,78,53,3.0,0
KeyN,Digit6,KeyN,Digit6,78,54,3.0,0
KeyN,Digit7,KeyN,Digit7,78,55,3.0,0
KeyN,Digit8,KeyN,Digit8,78,56,3.0,0
KeyN,Digit9,KeyN,Digit9,78,57,3.0,0
KeyN,Equal,KeyN,Equal,78,187,6.0,0
KeyN,KeyA,KeyN,KeyA,78,65,5.0,0
KeyN,KeyB,KeyN,KeyB,78,66,1.0,1
KeyN,KeyC,KeyN,KeyC,78,67,3.0,0
KeyN,KeyD,KeyN,KeyD,78,68,3.0,0
KeyN,KeyE,KeyN,KeyE,78,69,3.0,0
KeyN,KeyF,KeyN,KeyF,78,70,2.0,0
KeyN,KeyG,KeyN,KeyG,78,71,1.0,1
KeyN,KeyH,KeyN,KeyH,78,72,1.0,1
KeyN,KeyI,KeyN,KeyI,78,73,2.0,0
KeyN,KeyJ,KeyN,KeyJ,78,74,1.0,1
KeyN,KeyK,KeyN,KeyK,78,75,2.0,0
KeyN,KeyL,KeyN,KeyL,78,76,3.0,0
KeyN,KeyM,KeyN,KeyM,78,77,1.0,1
KeyN,KeyN,KeyN,KeyN,78,78,0.0,0
KeyN,KeyO,KeyN,KeyO,78,79,3.0,0
KeyN,KeyP,KeyN,KeyP,78,80,4.0,0
KeyN,KeyQ,KeyN,KeyQ,78,81,5.0,0
KeyN,KeyR,KeyN,KeyR,78,82,2.0,0
KeyN,KeyS,KeyN,KeyS,78,83,4.0,0
KeyN,KeyT,KeyN,KeyT,78,84,2.0,0
KeyN,KeyU,KeyN,KeyU,78,85,2.0,0
KeyN,KeyV,KeyN,KeyV,78,86,2.0,0
KeyN,KeyW,KeyN,KeyW,78,87,4.0,0
KeyN,KeyX,KeyN,KeyX,78,88,4.0,0
KeyN,KeyY,KeyN,KeyY,78,89,2.0,0
KeyN,KeyZ,KeyN,KeyZ,78,90,5.0,0
KeyN,Minus,KeyN,Minus,78,189,5.0,0
KeyN,Period,KeyN,Period,78,190,3.0,0
KeyN,Quote,KeyN,Quote,78,222,5.0,0
KeyN,Semicolon,KeyN,Semicolon,78,186,4.0,0
KeyN,Slash,KeyN,Slash,78,191,4.0,0
KeyN,Space,KeyN,Space,78,32,,0
KeyO,Backquote,KeyO,Backquote,79,192,9.0,0
KeyO,Backslash,KeyO,Backslash,79,220,4.0,0
KeyO,BracketLeft,KeyO,BracketLeft,79,219,2.0,0
KeyO,BracketRight,KeyO,BracketRight,79,221,3.0,0
KeyO,Comma,KeyO,Comma,79,188,2.0,0
KeyO,Digit0,KeyO,Digit0,79,48,1.0,1
KeyO,Digit1,KeyO,Digit1,79,49,8.0,0
KeyO,Digit2,KeyO,Digit2,79,50,7.0,0
KeyO,Digit3,KeyO,Digit3,79,51,6.0,0
KeyO,Digit4,KeyO,Digit4,79,52,5.0,0
KeyO,Digit5,KeyO,Digit5,79,53,4.0,0
KeyO,Digit6,KeyO,Digit6,79,54,3.0,0
KeyO,Digit7,KeyO,Digit7,79,55,2.0,0
KeyO,Digit8,KeyO,Digit8,79,56,1.0,1
KeyO,Digit9,KeyO,Digit9,79,57,1.0,1
KeyO,Equal,KeyO,Equal,79,187,3.0,0
KeyO,KeyA,KeyO,KeyA,79,65,8.0,0
KeyO,KeyB,KeyO,KeyB,79,66,4.0,0
KeyO,KeyC,KeyO,KeyC,79,67,6.0,0
KeyO,KeyD,KeyO,KeyD,79,68,6.0,0
KeyO,KeyE,KeyO,KeyE,79,69,6.0,0
KeyO,KeyF,KeyO,KeyF,79,70,5.0,0
KeyO,KeyG,KeyO,KeyG,79,71,4.0,0
KeyO,KeyH,KeyO,KeyH,79,72,3.0,0
KeyO,KeyI,KeyO,KeyI,79,73,1.0,1
KeyO,KeyJ,KeyO,KeyJ,79,74,2.0,0
KeyO,KeyK,KeyO,KeyK,79,75,1.0,1
KeyO,KeyL,KeyO,KeyL,79,76,1.0,1
KeyO,KeyM,KeyO,KeyM,79,77,2.0,0
KeyO,KeyN,KeyO,KeyN,79,78,3.0,0
KeyO,KeyO,KeyO,KeyO,79,79,0.0,0
KeyO,KeyP,KeyO,KeyP,79,80,1.0,1
KeyO,KeyQ,KeyO,KeyQ,79,81,8.0,0
KeyO,KeyR,KeyO,KeyR,79,82,5.0,0
KeyO,KeyS,KeyO,KeyS,79,83,7.0,0
KeyO,KeyT,KeyO,KeyT,79,84,4.0,0
KeyO,KeyU,KeyO,KeyU,79,85,2.0,0
KeyO,KeyV,KeyO,KeyV,79,86,5.0,0
KeyO,KeyW,KeyO,KeyW,79,87,7.0,0
KeyO,KeyX,KeyO,KeyX,79,88,7.0,0
KeyO,KeyY,KeyO,KeyY,79,89,3.0,0
KeyO,KeyZ,KeyO,KeyZ,79,90,8.0,0
KeyO,Minus,KeyO,Minus,79,189,2.0,0
KeyO,Period,KeyO,Period,79,190,2.0,0
KeyO,Quote,KeyO,Quote,79,222,2.0,0
KeyO,Semicolon,KeyO,Semicolon,79,186,1.0,1
KeyO,Slash,KeyO,Slash,79,191,2.0,0
KeyO,Space,KeyO,Space,79,32,,0
KeyP,Backquote,KeyP,Backquote,80,192,10.0,0
KeyP,Backslash,KeyP,Backslash,80,220,3.0,0
KeyP,BracketLeft,KeyP,BracketLeft,80,219,1.0,1
KeyP,BracketRight,KeyP,BracketRight,80,221,2.0,0
KeyP,Comma,KeyP,Comma,80,188,2.0,0
KeyP,Digit0,KeyP,Digit0,80,48,1.0,1
KeyP,Digit1,KeyP,Digit1,80,49,9.0,0
KeyP,Digit2,KeyP,Digit2,80,50,8.0,0
KeyP,Digit3,KeyP,Digit3,80,51,7.0,0
KeyP,Digit4,KeyP,Digit4,80,52,6.0,0
KeyP,Digit5,KeyP,Digit5,80,53,5.0,0
KeyP,Digit6,KeyP,Digit6,80,54,4.0,0
KeyP,Digit7,KeyP,Digit7,80,55,3.0,0
KeyP,Digit8,KeyP,Digit8,80,56,2.0,0
KeyP,Digit9,KeyP,Digit9,80,57,1.0,1
KeyP,Equal,KeyP,Equal,80,187,2.0,0
KeyP,KeyA,KeyP,KeyA,80,65,9.0,0
KeyP,KeyB,KeyP,KeyB,80,66,5.0,0
KeyP,KeyC,KeyP,KeyC,80,67,7.0,0
KeyP,KeyD,KeyP,KeyD,80,68,7.0,0
KeyP,KeyE,KeyP,KeyE,80,69,7.0,0
KeyP,KeyF,KeyP,KeyF,80,70,6.0,0
KeyP,KeyG,KeyP,KeyG,80,71,5.0,0
KeyP,KeyH,KeyP,KeyH,80,72,4.0,0
KeyP,KeyI,KeyP,KeyI,80,73,2.0,0
KeyP,KeyJ,KeyP,KeyJ,80,74,3.0,0
KeyP,KeyK,KeyP,KeyK,80,75,2.0,0
KeyP,KeyL,KeyP,KeyL,80,76,1.0,1
KeyP,KeyM,KeyP,KeyM,80,77,3.0,0
KeyP,KeyN,KeyP,KeyN,80,78,4.0,0
KeyP,KeyO,KeyP,KeyO,80,79,1.0,1
KeyP,KeyP,KeyP,KeyP,80,80,0.0,0
KeyP,KeyQ,KeyP,KeyQ,80,81,9.0,0
KeyP,KeyR,KeyP,KeyR,80,82,6.0,0
KeyP,KeyS,KeyP,KeyS,80,83,8.0,0
KeyP,KeyT,KeyP,KeyT,80,84,5.0,0
KeyP,KeyU,KeyP,KeyU,80,85,3.0,0
KeyP,KeyV,KeyP,KeyV,80,86,6.0,0
KeyP,KeyW,KeyP,KeyW,80,87,8.0,0
KeyP,KeyX,KeyP,KeyX,80,88,8.0,0
KeyP,KeyY,KeyP,KeyY,80,89,4.0,0
KeyP,KeyZ,KeyP,KeyZ,80,90,9.0,0
KeyP,Minus,KeyP,Minus,80,189,1.0,1
KeyP,Period,KeyP,Period,80,190,2.0,0
KeyP,Quote,KeyP,Quote,80,222,1.0,1
KeyP,Semicolon,KeyP,Semicolon,80,186,1.0,1
KeyP,Slash,KeyP,Slash,80,191,2.0,0
KeyP,Space,KeyP,Space,80,32,,0
KeyQ,Backquote,KeyQ,Backquote,81,192,1.0,1
KeyQ,Backslash,KeyQ,Backslash,81,220,12.0,0
KeyQ,BracketLeft,KeyQ,BracketLeft,81,219,10.0,0
KeyQ,BracketRight,KeyQ,BracketRight,81,221,11.0,0
KeyQ,Comma,KeyQ,Comma,81,188,7.0,0
KeyQ,Digit0,KeyQ,Digit0,81,48,9.0,0
KeyQ,Digit1,KeyQ,Digit1,81,49,1.0,1
KeyQ,Digit2,KeyQ,Digit2,81,50,1.0,1
KeyQ,Digit3,KeyQ,Digit3,81,51,2.0,0
KeyQ,Digit4,KeyQ,Digit4,81,52,3.0,0
KeyQ,Digit5,KeyQ,Digit5,81,53,4.0,0
KeyQ,Digit6,KeyQ,Digit6,81,54,5.0,0
KeyQ,Digit7,KeyQ,Digit7,81,55,6.0,0
KeyQ,Digit8,KeyQ,Digit8,81,56,7.0,0
KeyQ,Digit9,KeyQ,Digit9,81,57,8.0,0
KeyQ,Equal,KeyQ,Equal,81,187,11.0,0
KeyQ,KeyA,KeyQ,KeyA,81,65,1.0,1
KeyQ,KeyB,KeyQ,KeyB,81,66,4.0,0
KeyQ,KeyC,KeyQ,KeyC,81,67,2.0,0
KeyQ,KeyD,KeyQ,KeyD,81,68,2.0,0
KeyQ,KeyE,KeyQ,KeyE,81,69,2.0,0
KeyQ,KeyF,KeyQ,KeyF,81,70,3.0,0
KeyQ,KeyG,KeyQ,KeyG,81,71,4.0,0
KeyQ,KeyH,KeyQ,KeyH,81,72,5.0,0
KeyQ,KeyI,KeyQ,KeyI,81,73,7.0,0
KeyQ,KeyJ,KeyQ,KeyJ,81,74,6.0,0
KeyQ,KeyK,KeyQ,KeyK,81,75,7.0,0
KeyQ,KeyL,KeyQ,KeyL,81,76,8.0,0
KeyQ,KeyM,KeyQ,KeyM,81,77,6.0,0
KeyQ,KeyN,KeyQ,KeyN,81,78,5.0,0
KeyQ,KeyO,KeyQ,KeyO,81,79,8.0,0
KeyQ,KeyP,KeyQ,KeyP,81,80,9.0,0
KeyQ,KeyQ,KeyQ,KeyQ,81,81,0.0,0
KeyQ,KeyR,KeyQ,KeyR,81,82,3.0,0
KeyQ,KeyS,KeyQ,KeyS,81,83,1.0,1
KeyQ,KeyT,KeyQ,KeyT,81,84,4.0,0
KeyQ,KeyU,KeyQ,KeyU,81,85,6.0,0
KeyQ,KeyV,KeyQ,KeyV,81,86,3.0,0
KeyQ,KeyW,KeyQ,KeyW,81,87,1.0,1
KeyQ,KeyX,KeyQ,KeyX,81,88,2.0,0
KeyQ,KeyY,KeyQ,KeyY,81,89,5.0,0
KeyQ,KeyZ,KeyQ,KeyZ,81,90,2.0,0
KeyQ,Minus,KeyQ,Minus,81,189,10.0,0
KeyQ,Period,KeyQ,Period,81,190,8.0,0
KeyQ,Quote,KeyQ,Quote,81,222,10.0,0
KeyQ,Semicolon,KeyQ,Semicolon,81,186,9.0,0
KeyQ,Slash,KeyQ,Slash,81,191,9.0,0
KeyQ,Space,KeyQ,Space,81,32,,0
KeyR,Backquote,KeyR,Backquote,82,192,4.0,0
KeyR,Backslash,KeyR,Backslash,82,220,9.0,0
KeyR,BracketLeft,KeyR,BracketLeft,82,219,7.0,0
KeyR,BracketRight,KeyR,BracketRight,82,221,8.0,0
KeyR,Comma,KeyR,Comma,82,188,4.0,0
KeyR,Digit0,KeyR,Digit0,82,48,6.0,0
KeyR,Digit1,KeyR,Digit1,82,49,3.0,0
KeyR,Digit2,KeyR,Digit2,82,50,2.0,0
KeyR,Digit3,KeyR,Digit3,82,51,1.0,1
KeyR,Digit4,KeyR,Digit4,82,52,1.0,1
KeyR,Digit5,KeyR,Digit5,82,53,1.0,1
KeyR,Digit6,KeyR,Digit6,82,54,2.0,0
KeyR,Digit7,KeyR,Digit7,82,55,3.0,0
KeyR,Digit8,KeyR,Digit8,82,56,4.0,0
KeyR,Digit9,KeyR,Digit9,82,57,5.0,0
KeyR,Equal,KeyR,Equal,82,187,8.0,0
KeyR,KeyA,KeyR,KeyA,82,65,3.0,0
KeyR,KeyB,KeyR,KeyB,82,66,2.0,0
KeyR,KeyC,KeyR,KeyC,82,67,2.0,0
KeyR,KeyD,KeyR,KeyD,82,68,1.0,1
KeyR,KeyE,KeyR,KeyE,82,69,1.0,1
KeyR,KeyF,KeyR,KeyF,82,70,1.0,1
KeyR,KeyG,KeyR,KeyG,82,71,1.0,1
KeyR,KeyH,KeyR,KeyH,82,72,2.0,0
KeyR,KeyI,KeyR,KeyI,82,73,4.0,0
KeyR,KeyJ,KeyR,KeyJ,82,74,3.0,0
KeyR,KeyK,KeyR,KeyK,82,75,4.0,0
KeyR,KeyL,KeyR,KeyL,82,76,5.0,0
KeyR,KeyM,KeyR,KeyM,82,77,3.0,0
KeyR,KeyN,KeyR,KeyN,82,78,2.0,0
KeyR,KeyO,KeyR,KeyO,82,79,5.0,0
KeyR,KeyP,KeyR,KeyP,82,80,6.0,0
KeyR,KeyQ,KeyR,KeyQ,82,81,3.0,0
KeyR,KeyR,KeyR,KeyR,82,82,0.0,0
KeyR,KeyS,KeyR,KeyS,82,83,2.0,0
KeyR,KeyT,KeyR,KeyT,82,84,1.0,1
KeyR,KeyU,KeyR,KeyU,82,85,3.0,0
KeyR,KeyV,KeyR,KeyV,82,86,2.0,0
KeyR,KeyW,KeyR,KeyW,82,87,2.0,0
KeyR,KeyX,KeyR,KeyX,82,88,2.0,0
KeyR,KeyY,KeyR,KeyY,82,89,2.0,0
KeyR,KeyZ,KeyR,KeyZ,82,90,3.0,0
KeyR,Minus,KeyR,Minus,82,189,7.0,0
KeyR,Period,KeyR,Period,82,190,5.0,0
KeyR,Quote,KeyR,Quote,82,222,7.0,0
KeyR,Semicolon,KeyR,Semicolon,82,186,6.0,0
KeyR,Slash,KeyR,Slash,82,191,6.0,0
KeyR,Space,KeyR,Space,82,32,,0
KeyS,Backquote,KeyS,Backquote,83,192,2.0,0
KeyS,Backslash,KeyS,Backslash,83,220,11.0,0
KeyS,BracketLeft,KeyS,BracketLeft,83,219,9.0,0
KeyS,BracketRight,KeyS,BracketRight,83,221,10.0,0
KeyS,Comma,KeyS,Comma,83,188,6.0,0
KeyS,Digit0,KeyS,Digit0,83,48,8.0,0
KeyS,Digit1,KeyS,Digit1,83,49,2.0,0
KeyS,Digit2,KeyS,Digit2,83,50,2.0,0
KeyS,Digit3,KeyS,Digit3,83,51,2.0,0
KeyS,Digit4,KeyS,Digit4,83,52,2.0,0
KeyS,Digit5,KeyS,Digit5,83,53,3.0,0
KeyS,Digit6,KeyS,Digit6,83,54,4.0,0
KeyS,Digit7,KeyS,Digit7,83,55,5.0,0
KeyS,Digit8,KeyS,Digit8,83,56,6.0,0
KeyS,Digit9,KeyS,Digit9,83,57,7.0,0
KeyS,Equal,KeyS,Equal,83,187,10.0,0
KeyS,KeyA,KeyS,KeyA,83,65,1.0,1
KeyS,KeyB,KeyS,KeyB,83,66,3.0,0
KeyS,KeyC,KeyS,KeyC,83,67,1.0,1
KeyS,KeyD,KeyS,KeyD,83,68,1.0,1
KeyS,KeyE,KeyS,KeyE,83,69,1.0,1
KeyS,KeyF,KeyS,KeyF,83,70,2.0,0
KeyS,KeyG,KeyS,KeyG,83,71,3.0,0
KeyS,KeyH,KeyS,KeyH,83,72,4.0,0
KeyS,KeyI,KeyS,KeyI,83,73,6.0,0
KeyS,KeyJ,KeyS,KeyJ,83,74,5.0,0
KeyS,KeyK,KeyS,KeyK,83,75,6.0,0
KeyS,KeyL,KeyS,KeyL,83,76,7.0,0
KeyS,KeyM,KeyS,KeyM,83,77,5.0,0
KeyS,KeyN,KeyS,KeyN,83,78,4.0,0
KeyS,KeyO,KeyS,KeyO,83,79,7.0,0
KeyS,KeyP,KeyS,KeyP,83,80,8.0,0
KeyS,KeyQ,KeyS,KeyQ,83,81,1.0,1
KeyS,KeyR,KeyS,KeyR,83,82,2.0,0
KeyS,KeyS,KeyS,KeyS,83,83,0.0,0
KeyS,KeyT,KeyS,KeyT,83,84,3.0,0
KeyS,KeyU,KeyS,KeyU,83,85,5.0,0
KeyS,KeyV,KeyS,KeyV,83,86,2.0,0
KeyS,KeyW,KeyS,KeyW,83,87,1.0,1
KeyS,KeyX,KeyS,KeyX,83,88,1.0,1
KeyS,KeyY,KeyS,KeyY,83,89,4.0,0
KeyS,KeyZ,KeyS,KeyZ,83,90,1.0,1
KeyS,Minus,KeyS,Minus,83,189,9.0,0
KeyS,Period,KeyS,Period,83,190,7.0,0
KeyS,Quote,KeyS,Quote,83,222,9.0,0
KeyS,Semicolon,KeyS,Semicolon,83,186,8.0,0
KeyS,Slash,KeyS,Slash,83,191,8.0,0
KeyS,Space,KeyS,Space,83,32,,0
KeyT,Backquote,KeyT,Backquote,84,192,5.0,0
KeyT,Backslash,KeyT,Backslash,84,220,8.0,0
KeyT,BracketLeft,KeyT,BracketLeft,84,219,6.0,0
KeyT,BracketRight,KeyT,BracketRight,84,221,7.0,0
KeyT,Comma,KeyT,Comma,84,188,3.0,0
KeyT,Digit0,KeyT,Digit0,84,48,5.0,0
KeyT,Digit1,KeyT,Digit1,84,49,4.0,0
KeyT,Digit2,KeyT,Digit2,84,50,3.0,0
KeyT,Digit3,KeyT,Digit3,84,51,2.0,0
KeyT,Digit4,KeyT,Digit4,84,52,1.0,1
KeyT,Digit5,KeyT,Digit5,84,53,1.0,1
KeyT,Digit6,KeyT,Digit6,84,54,1.0,1
KeyT,Digit7,KeyT,Digit7,84,55,2.0,0
KeyT,Digit8,KeyT,Digit8,84,56,3.0,0
KeyT,Digit9,KeyT,Digit9,84,57,4.0,0
KeyT,Equal,KeyT,Equal,84,187,7.0,0
KeyT,KeyA,KeyT,KeyA,84,65,4.0,0
KeyT,KeyB,KeyT,KeyB,84,66,2.0,0
KeyT,KeyC,KeyT,KeyC,84,67,2.0,0
KeyT,KeyD,KeyT,KeyD,84,68,2.0,0
KeyT,KeyE,KeyT,KeyE,84,69,2.0,0
KeyT,KeyF,KeyT,KeyF,84,70,1.0,1
KeyT,KeyG,KeyT,KeyG,84,71,1.0,1
KeyT,KeyH,KeyT,KeyH,84,72,1.0,1
KeyT,KeyI,KeyT,KeyI,84,73,3.0,0
KeyT,KeyJ,KeyT,KeyJ,84,74,2.0,0
KeyT,KeyK,KeyT,KeyK,84,75,3.0,0
KeyT,KeyL,KeyT,KeyL,84,76,4.0,0
KeyT,KeyM,KeyT,KeyM,84,77,2.0,0
KeyT,KeyN,KeyT,KeyN,84,78,2.0,0
KeyT,KeyO,KeyT,KeyO,84,79,4.0,0
KeyT,KeyP,KeyT,KeyP,84,80,5.0,0
KeyT,KeyQ,KeyT,KeyQ,84,81,4.0,0
KeyT,KeyR,KeyT,KeyR,84,82,1.0,1
KeyT,KeyS,KeyT,KeyS,84,83,3.0,0
KeyT,KeyT,KeyT,KeyT,84,84,0.0,0
KeyT,KeyU,KeyT,KeyU,84,85,2.0,0
KeyT,KeyV,KeyT,KeyV,84,86,2.0,0
KeyT,KeyW,KeyT,KeyW,84,87,3.0,0
KeyT,KeyX,KeyT,KeyX,84,88,3.0,0
KeyT,KeyY,KeyT,KeyY,84,89,1.0,1
KeyT,KeyZ,KeyT,KeyZ,84,90,4.0,0
KeyT,Minus,KeyT,Minus,84,189,6.0,0
KeyT,Period,KeyT,Period,84,190,4.0,0
KeyT,Quote,KeyT,Quote,84,222,6.0,0
KeyT,Semicolon,KeyT,Semicolon,84,186,5.0,0
KeyT,Slash,KeyT,Slash,84,191,5.0,0
KeyT,Space,KeyT,Space,84,32,,0
KeyU,Backquote,KeyU,Backquote,85,192,7.0,0
KeyU,Backslash,KeyU,Backslash,85,220,6.0,0
KeyU,BracketLeft,KeyU,BracketLeft,85,219,4.0,0
KeyU,BracketRight,KeyU,BracketRight,85,221,5.0,0
KeyU,Comma,KeyU,Comma,85,188,2.0,0
KeyU,Digit0,KeyU,Digit0,85,48,3.0,0
KeyU,Digit1,KeyU,Digit1,85,49,6.0,0
KeyU,Digit2,KeyU,Digit2,85,50,5.0,0
KeyU,Digit3,KeyU,Digit3,85,51,4.0,0
KeyU,Digit4,KeyU,Digit4,85,52,3.0,0
KeyU,Digit5,KeyU,Digit5,85,53,2.0,0
KeyU,Digit6,KeyU,Digit6,85,54,1.0,1
KeyU,Digit7,KeyU,Digit7,85,55,1.0,1
KeyU,Digit8,KeyU,Digit8,85,56,1.0,1
KeyU,Digit9,KeyU,Digit9,85,57,2.0,0
KeyU,Equal,KeyU,Equal,85,187,5.0,0
KeyU,KeyA,KeyU,KeyA,85,65,6.0,0
KeyU,KeyB,KeyU,KeyB,85,66,2.0,0
KeyU,KeyC,KeyU,KeyC,85,67,4.0,0
KeyU,KeyD,KeyU,KeyD,85,68,4.0,0
KeyU,KeyE,KeyU,KeyE,85,69,4.0,0
KeyU,KeyF,KeyU,KeyF,85,70,3.0,0
KeyU,KeyG,KeyU,KeyG,85,71,2.0,0
KeyU,KeyH,KeyU,KeyH,85,72,1.0,1
KeyU,KeyI,KeyU,KeyI,85,73,1.0,1
KeyU,KeyJ,KeyU,KeyJ,85,74,1.0,1
KeyU,KeyK,KeyU,KeyK,85,75,1.0,1
KeyU,KeyL,KeyU,KeyL,85,76,2.0,0
KeyU,KeyM,KeyU,KeyM,85,77,2.0,0
KeyU,KeyN,KeyU,KeyN,85,78,2.0,0
KeyU,KeyO,KeyU,KeyO,85,79,2.0,0
KeyU,KeyP,KeyU,KeyP,85,80,3.0,0
KeyU,KeyQ,KeyU,KeyQ,85,81,6.0,0
KeyU,KeyR,KeyU,KeyR,85,82,3.0,0
KeyU,KeyS,KeyU,KeyS,85,83,5.0,0
KeyU,KeyT,KeyU,KeyT,85,84,2.0,0
KeyU,KeyU,KeyU,KeyU,85,85,0.0,0
KeyU,KeyV,KeyU,KeyV,85,86,3.0,0
KeyU,KeyW,KeyU,KeyW,85,87,5.0,0
KeyU,KeyX,KeyU,KeyX,85,88,5.0,0
KeyU,KeyY,KeyU,KeyY,85,89,1.0,1
KeyU,KeyZ,KeyU,KeyZ,85,90,6.0,0
KeyU,Minus,KeyU,Minus,85,189,4.0,0
KeyU,Period,KeyU,Period,85,190,2.0,0
KeyU,Quote,KeyU,Quote,85,222,4.0,0
KeyU,Semicolon,KeyU,Semicolon,85,186,3.0,0
KeyU,Slash,KeyU,Slash,85,191,3.0,0
KeyU,Space,KeyU,Space,85,32,,0
KeyV,Backquote,KeyV,Backquote,86,192,4.0,0
KeyV,Backslash,KeyV,Backslash,86,220,9.0,0
KeyV,BracketLeft,KeyV,BracketLeft,86,219,7.0,0
KeyV,BracketRight,KeyV,BracketRight,86,221,8.0,0
KeyV,Comma,KeyV,Comma,86,188,4.0,0
KeyV,Digit0,KeyV,Digit0,86,48,6.0,0
KeyV,Digit1,KeyV,Digit1,86,49,3.0,0
KeyV,Digit2,KeyV,Digit2,86,50,3.0,0
KeyV,Digit3,KeyV,Digit3,86,51,3.0,0
KeyV,Digit4,KeyV,Digit4,86,52,3.0,0
KeyV,Digit5,KeyV,Digit5,86,53,3.0,0
KeyV,Digit6,KeyV,Digit6,86,54,3.0,0
KeyV,Digit7,KeyV,Digit7,86,55,3.0,0
KeyV,Digit8,KeyV,Digit8,86,56,4.0,0
KeyV,Digit9,KeyV,Digit9,86,57,5.0,0
KeyV,Equal,KeyV,Equal,86,187,8.0,0
KeyV,KeyA,KeyV,KeyA,86,65,3.0,0
KeyV,KeyB,KeyV,KeyB,86,66,1.0,1
KeyV,KeyC,KeyV,KeyC,86,67,1.0,1
KeyV,KeyD,KeyV,KeyD,86,68,1.0,1
KeyV,KeyE,KeyV,KeyE,86,69,2.0,0
KeyV,KeyF,KeyV,KeyF,86,70,1.0,1
KeyV,KeyG,KeyV,KeyG,86,71,1.0,1
KeyV,KeyH,KeyV,KeyH,86,72,2.0,0
KeyV,KeyI,KeyV,KeyI,86,73,4.0,0
KeyV,KeyJ,KeyV,KeyJ,86,74,3.0,0
KeyV,KeyK,KeyV,KeyK,86,75,4.0,0
KeyV,KeyL,KeyV,KeyL,86,76,5.0,0
KeyV,KeyM,KeyV,KeyM,86,77,3.0,0
KeyV,KeyN,KeyV,KeyN,86,78,2.0,0
KeyV,KeyO,KeyV,KeyO,86,79,5.0,0
KeyV,KeyP,KeyV,KeyP,86,80,6.0,0
KeyV,KeyQ,KeyV,KeyQ,86,81,3.0,0
KeyV,KeyR,KeyV,KeyR,86,82,2.0,0
KeyV,KeyS,KeyV,KeyS,86,83,2.0,0
KeyV,KeyT,KeyV,KeyT,86,84,2.0,0
KeyV,KeyU,KeyV,KeyU,86,85,3.0,0
KeyV,KeyV,KeyV,KeyV,86,86,0.0,0
KeyV,KeyW,KeyV,KeyW,86,87,2.0,0
KeyV,KeyX,KeyV,KeyX,86,88,2.0,0
KeyV,KeyY,KeyV,KeyY,86,89,2.0,0
KeyV,KeyZ,KeyV,KeyZ,86,90,3.0,0
KeyV,Minus,KeyV,Minus,86,189,7.0,0
KeyV,Period,KeyV,Period,86,190,5.0,0
KeyV,Quote,KeyV,Quote,86,222,7.0,0
KeyV,Semicolon,KeyV,Semicolon,86,186,6.0,0
KeyV,Slash,KeyV,Slash,86,191,6.0,0
KeyV,Space,KeyV,Space,86,32,,0
KeyW,Backquote,KeyW,Backquote,87,192,2.0,0
KeyW,Backslash,KeyW,Backslash,87,220,11.0,0
KeyW,BracketLeft,KeyW,BracketLeft,87,219,9.0,0
KeyW,BracketRight,KeyW,BracketRight,87,221,10.0,0
KeyW,Comma,KeyW,Comma,87,188,6.0,0
KeyW,Digit0,KeyW,Digit0,87,48,8.0,0
KeyW,Digit1,KeyW,Digit1,87,49,1.0,1
KeyW,Digit2,KeyW,Digit2,87,50,1.0,1
KeyW,Digit3,KeyW,Digit3,87,51,1.0,1
KeyW,Digit4,KeyW,Digit4,87,52,2.0,0
KeyW,Digit5,KeyW,Digit5,87,53,3.0,0
KeyW,Digit6,KeyW,Digit6,87,54,4.0,0
KeyW,Digit7,KeyW,Digit7,87,55,5.0,0
KeyW,Digit8,KeyW,Digit8,87,56,6.0,0
KeyW,Digit9,KeyW,Digit9,87,57,7.0,0
KeyW,Equal,KeyW,Equal,87,187,10.0,0
KeyW,KeyA,KeyW,KeyA,87,65,1.0,1
KeyW,KeyB,KeyW,KeyB,87,66,3.0,0
KeyW,KeyC,KeyW,KeyC,87,67,2.0,0
KeyW,KeyD,KeyW,KeyD,87,68,1.0,1
KeyW,KeyE,KeyW,KeyE,87,69,1.0,1
KeyW,KeyF,KeyW,KeyF,87,70,2.0,0
KeyW,KeyG,KeyW,KeyG,87,71,3.0,0
KeyW,KeyH,KeyW,KeyH,87,72,4.0,0
KeyW,KeyI,KeyW,KeyI,87,73,6.0,0
KeyW,KeyJ,KeyW,KeyJ,87,74,5.0,0
KeyW,KeyK,KeyW,KeyK,87,75,6.0,0
KeyW,KeyL,KeyW,KeyL,87,76,7.0,0
KeyW,KeyM,KeyW,KeyM,87,77,5.0,0
KeyW,KeyN,KeyW,KeyN,87,78,4.0,0
KeyW,KeyO,KeyW,KeyO,87,79,7.0,0
KeyW,KeyP,KeyW,KeyP,87,80,8.0,0
KeyW,KeyQ,KeyW,KeyQ,87,81,1.0,1
KeyW,KeyR,KeyW,KeyR,87,82,2.0,0
KeyW,KeyS,KeyW,KeyS,87,83,1.0,1
KeyW,KeyT,KeyW,KeyT,87,84,3.0,0
KeyW,KeyU,KeyW,KeyU,87,85,5.0,0
KeyW,KeyV,KeyW,KeyV,87,86,2.0,0
KeyW,KeyW,KeyW,KeyW,87,87,0.0,0
KeyW,KeyX,KeyW,KeyX,87,88,2.0,0
KeyW,KeyY,KeyW,KeyY,87,89,4.0,0
KeyW,KeyZ,KeyW,KeyZ,87,90,2.0,0
KeyW,Minus,KeyW,Minus,87,189,9.0,0
KeyW,Period,KeyW,Period,87,190,7.0,0
KeyW,Quote,KeyW,Quote,87,222,9.0,0
KeyW,Semicolon,KeyW,Semicolon,87,186,8.0,0
KeyW,Slash,KeyW,Slash,87,191,8.0,0
KeyW,Space,KeyW,Space,87,32,,0
KeyX,Backquote,KeyX,Backquote,88,192,3.0,0
KeyX,Backslash,KeyX,Backslash,88,220,11.0,0
KeyX,BracketLeft,KeyX,BracketLeft,88,219,9.0,0
KeyX,BracketRight,KeyX,BracketRight,88,221,10.0,0
KeyX,Comma,KeyX,Comma,88,188,6.0,0
KeyX,Digit0,KeyX,Digit0,88,48,8.0,0
KeyX,Digit1,KeyX,Digit1,88,49,3.0,0
KeyX,Digit2,KeyX,Digit2,88,50,3.0,0
KeyX,Digit3,KeyX,Digit3,88,51,3.0,0
KeyX,Digit4,KeyX,Digit4,88,52,3.0,0
KeyX,Digit5,KeyX,Digit5,88,53,3.0,0
KeyX,Digit6,KeyX,Digit6,88,54,4.0,0
KeyX,Digit7,KeyX,Digit7,88,55,5.0,0
KeyX,Digit8,KeyX,Digit8,88,56,6.0,0
KeyX,Digit9,KeyX,Digit9,88,57,7.0,0
KeyX,Equal,KeyX,Equal,88,187,10.0,0
KeyX,KeyA,KeyX,KeyA,88,65,1.0,1
KeyX,KeyB,KeyX,KeyB,88,66,3.0,0
KeyX,KeyC,KeyX,KeyC,88,67,1.0,1
KeyX,KeyD,KeyX,KeyD,88,68,1.0,1
KeyX,KeyE,KeyX,KeyE,88,69,2.0,0
KeyX,KeyF,KeyX,KeyF,88,70,2.0,0
KeyX,KeyG,KeyX,KeyG,88,71,3.0,0
KeyX,KeyH,KeyX,KeyH,88,72,4.0,0
KeyX,KeyI,KeyX,KeyI,88,73,6.0,0
KeyX,KeyJ,KeyX,KeyJ,88,74,5.0,0
KeyX,KeyK,KeyX,KeyK,88,75,6.0,0
KeyX,KeyL,KeyX,KeyL,88,76,7.0,0
KeyX,KeyM,KeyX,KeyM,88,77,5.0,0
KeyX,KeyN,KeyX,KeyN,88,78,4.0,0
KeyX,KeyO,KeyX,KeyO,88,79,7.0,0
KeyX,KeyP,KeyX,KeyP,88,80,8.0,0
KeyX,KeyQ,KeyX,KeyQ,88,81,2.0,0
KeyX,KeyR,KeyX,KeyR,88,82,2.0,0
KeyX,KeyS,KeyX,KeyS,88,83,1.0,1
KeyX,KeyT,KeyX,KeyT,88,84,3.0,0
KeyX,KeyU,KeyX,KeyU,88,85,5.0,0
KeyX,KeyV,KeyX,KeyV,88,86,2.0,0
KeyX,KeyW,KeyX,KeyW,88,87,2.0,0
KeyX,KeyX,KeyX,KeyX,88,88,0.0,0
KeyX,KeyY,KeyX,KeyY,88,89,4.0,0
KeyX,KeyZ,KeyX,KeyZ,88,90,1.0,1
KeyX,Minus,KeyX,Minus,88,189,9.0,0
KeyX,Period,KeyX,Period,88,190,7.0,0
KeyX,Quote,KeyX,Quote,88,222,9.0,0
KeyX,Semicolon,KeyX,Semicolon,88,186,8.0,0
KeyX,Slash,KeyX,Slash,88,191,8.0,0
KeyX,Space,KeyX,Space,88,32,,0
KeyY,Backquote,KeyY,Backquote,89,192,6.0,0
KeyY,Backslash,KeyY,Backslash,89,220,7.0,0
KeyY,BracketLeft,KeyY,BracketLeft,89,219,5.0,0
KeyY,BracketRight,KeyY,BracketRight,89,221,6.0,0
KeyY,Comma,KeyY,Comma,89,188,2.0,0
KeyY,Digit0,KeyY,Digit0,89,48,4.0,0
KeyY,Digit1,KeyY,Digit1,89,49,5.0,0
KeyY,Digit2,KeyY,Digit2,89,50,4.0,0
KeyY,Digit3,KeyY,Digit3,89,51,3.0,0
KeyY,Digit4,KeyY,Digit4,89,52,2.0,0
KeyY,Digit5,KeyY,Digit5,89,53,1.0,1
KeyY,Digit6,KeyY,Digit6,89,54,1.0,1
KeyY,Digit7,KeyY,Digit7,89,55,1.0,1
KeyY,Digit8,KeyY,Digit8,89,56,2.0,0
KeyY,Digit9,KeyY,Digit9,89,57,3.0,0
KeyY,Equal,KeyY,Equal,89,187,6.0,0
KeyY,KeyA,KeyY,KeyA,89,65,5.0,0
KeyY,KeyB,KeyY,KeyB,89,66,2.0,0
KeyY,KeyC,KeyY,KeyC,89,67,3.0,0
KeyY,KeyD,KeyY,KeyD,89,68,3.0,0
KeyY,KeyE,KeyY,KeyE,89,69,3.0,0
KeyY,KeyF,KeyY,KeyF,89,70,2.0,0
KeyY,KeyG,KeyY,KeyG,89,71,1.0,1
KeyY,KeyH,KeyY,KeyH,89,72,1.0,1
KeyY,KeyI,KeyY,KeyI,89,73,2.0,0
KeyY,KeyJ,KeyY,KeyJ,89,74,1.0,1
KeyY,KeyK,KeyY,KeyK,89,75,2.0,0
KeyY,KeyL,KeyY,KeyL,89,76,3.0,0
KeyY,KeyM,KeyY,KeyM,89,77,2.0,0
KeyY,KeyN,KeyY,KeyN,89,78,2.0,0
KeyY,KeyO,KeyY,KeyO,89,79,3.0,0
KeyY,KeyP,KeyY,KeyP,89,80,4.0,0
KeyY,KeyQ,KeyY,KeyQ,89,81,5.0,0
KeyY,KeyR,KeyY,KeyR,89,82,2.0,0
KeyY,KeyS,KeyY,KeyS,89,83,4.0,0
KeyY,KeyT,KeyY,KeyT,89,84,1.0,1
KeyY,KeyU,KeyY,KeyU,89,85,1.0,1
KeyY,KeyV,KeyY,KeyV,89,86,2.0,0
KeyY,KeyW,KeyY,KeyW,89,87,4.0,0
KeyY,KeyX,KeyY,KeyX,89,88,4.0,0
KeyY,KeyY,KeyY,KeyY,89,89,0.0,0
KeyY,KeyZ,KeyY,KeyZ,89,90,5.0,0
KeyY,Minus,KeyY,Minus,89,189,5.0,0
KeyY,Period,KeyY,Period,89,190,3.0,0
KeyY,Quote,KeyY,Quote,89,222,5.0,0
KeyY,Semicolon,KeyY,Semicolon,89,186,4.0,0
KeyY,Slash,KeyY,Slash,89,191,4.0,0
KeyY,Space,KeyY,Space,89,32,,0
KeyZ,Backquote,KeyZ,Backquote,90,192,3.0,0
KeyZ,Backslash,KeyZ,Backslash,90,220,12.0,0
KeyZ,BracketLeft,KeyZ,BracketLeft,90,219,10.0,0
KeyZ,BracketRight,KeyZ,BracketRight,90,221,11.0,0
KeyZ,Comma,KeyZ,Comma,90,188,7.0,0
KeyZ,Digit0,KeyZ,Digit0,90,48,9.0,0
KeyZ,Digit1,KeyZ,Digit1,90,49,3.0,0
KeyZ,Digit2,KeyZ,Digit2,90,50,3.0,0
KeyZ,Digit3,KeyZ,Digit3,90,51,3.0,0
KeyZ,Digit4,KeyZ,Digit4,90,52,3.0,0
KeyZ,Digit5,KeyZ,Digit5,90,53,4.0,0
KeyZ,Digit6,KeyZ,Digit6,90,54,5.0,0
KeyZ,Digit7,KeyZ,Digit7,90,55,6.0,0
KeyZ,Digit8,KeyZ,Digit8,90,56,7.0,0
KeyZ,Digit9,KeyZ,Digit9,90,57,8.0,0
KeyZ,Equal,KeyZ,Equal,90,187,11.0,0
KeyZ,KeyA,KeyZ,KeyA,90,65,1.0,1
KeyZ,KeyB,KeyZ,KeyB,90,66,4.0,0
KeyZ,KeyC,KeyZ,KeyC,90,67,2.0,0
KeyZ,KeyD,KeyZ,KeyD,90,68,2.0,0
KeyZ,KeyE,KeyZ,KeyE,90,69,2.0,0
KeyZ,KeyF,KeyZ,KeyF,90,70,3.0,0
KeyZ,KeyG,KeyZ,KeyG,90,71,4.0,0
KeyZ,KeyH,KeyZ,KeyH,90,72,5.0,0
KeyZ,KeyI,KeyZ,KeyI,90,73,7.0,0
KeyZ,KeyJ,KeyZ,KeyJ,90,74,6.0,0
KeyZ,KeyK,KeyZ,KeyK,90,75,7.0,0
KeyZ,KeyL,KeyZ,KeyL,90,76,8.0,0
KeyZ,KeyM,KeyZ,KeyM,90,77,6.0,0
KeyZ,KeyN,KeyZ,KeyN,90,78,5.0,0
KeyZ,KeyO,KeyZ,KeyO,90,79,8.0,0
KeyZ,KeyP,KeyZ,KeyP,90,80,9.0,0
KeyZ,KeyQ,KeyZ,KeyQ,90,81,2.0,0
KeyZ,KeyR,KeyZ,KeyR,90,82,3.0,0
KeyZ,KeyS,KeyZ,KeyS,90,83,1.0,1
KeyZ,KeyT,KeyZ,KeyT,90,84,4.0,0
KeyZ,KeyU,KeyZ,KeyU,90,85,6.0,0
KeyZ,KeyV,KeyZ,KeyV,90,86,3.0,0
KeyZ,KeyW,KeyZ,KeyW,90,87,2.0,0
KeyZ,KeyX,KeyZ,KeyX,90,88,1.0,1
KeyZ,KeyY,KeyZ,KeyY,90,89,5.0,0
KeyZ,KeyZ,KeyZ,KeyZ,90,90,0.0,0
KeyZ,Minus,KeyZ,Minus,90,189,10.0,0
KeyZ,Period,KeyZ,Period,90,190,8.0,0
KeyZ,Quote,KeyZ,Quote,90,222,10.0,0
KeyZ,Semicolon,KeyZ,Semicolon,90,186,9.0,0
KeyZ,Slash,KeyZ,Slash,90,191,9.0,0
KeyZ,Space,KeyZ,Space,90,32,,0
Minus,Backquote,Minus,Backquote,189,192,11.0,0
Minus,Backslash,Minus,Backslash,189,220,2.0,0
Minus,BracketLeft,Minus,BracketLeft,189,219,1.0,1
Minus,BracketRight,Minus,BracketRight,189,221,1.0,1
Minus,Comma,Minus,Comma,189,188,3.0,0
Minus,Digit0,Minus,Digit0,189,48,1.0,1
Minus,Digit1,Minus,Digit1,189,49,10.0,0
Minus,Digit2,Minus,Digit2,189,50,9.0,0
Minus,Digit3,Minus,Digit3,189,51,8.0,0
Minus,Digit4,Minus,Digit4,189,52,7.0,0
Minus,Digit5,Minus,Digit5,189,53,6.0,0
Minus,Digit6,Minus,Digit6,189,54,5.0,0
Minus,Digit7,Minus,Digit7,189,55,4.0,0
Minus,Digit8,Minus,Digit8,189,56,3.0,0
Minus,Digit9,Minus,Digit9,189,57,2.0,0
Minus,Equal,Minus,Equal,189,187,1.0,1
Minus,KeyA,Minus,KeyA,189,65,10.0,0
Minus,KeyB,Minus,KeyB,189,66,6.0,0
Minus,KeyC,Minus,KeyC,189,67,8.0,0
Minus,KeyD,Minus,KeyD,189,68,8.0,0
Minus,KeyE,Minus,KeyE,189,69,8.0,0
Minus,KeyF,Minus,KeyF,189,70,7.0,0
Minus,KeyG,Minus,KeyG,189,71,6.0,0
Minus,KeyH,Minus,KeyH,189,72,5.0,0
Minus,KeyI,Minus,KeyI,189,73,3.0,0
Minus,KeyJ,Minus,KeyJ,189,74,4.0,0
Minus,KeyK,Minus,KeyK,189,75,3.0,0
Minus,KeyL,Minus,KeyL,189,76,2.0,0
Minus,KeyM,Minus,KeyM,189,77,4.0,0
Minus,KeyN,Minus,KeyN,189,78,5.0,0
Minus,KeyO,Minus,KeyO,189,79,2.0,0
Minus,KeyP,Minus,KeyP,189,80,1.0,1
Minus,KeyQ,Minus,KeyQ,189,81,10.0,0
Minus,KeyR,Minus,KeyR,189,82,7.0,0
Minus,KeyS,Minus,KeyS,189,83,9.0,0
Minus,KeyT,Minus,KeyT,189,84,6.0,0
Minus,KeyU,Minus,KeyU,189,85,4.0,0
Minus,KeyV,Minus,KeyV,189,86,7.0,0
Minus,KeyW,Minus,KeyW,189,87,9.0,0
Minus,KeyX,Minus,KeyX,189,88,9.0,0
Minus,KeyY,Minus,KeyY,189,89,5.0,0
Minus,KeyZ,Minus,KeyZ,189,90,10.0,0
Minus,Minus,Minus,Minus,189,189,0.0,0
Minus,Period,Minus,Period,189,190,3.0,0
Minus,Quote,Minus,Quote,189,222,2.0,0
Minus,Semicolon,Minus,Semicolon,189,186,2.0,0
Minus,Slash,Minus,Slash,189,191,3.0,0
Minus,Space,Minus,Space,189,32,,0
Period,Backquote,Period,Backquote,190,192,9.0,0
Period,Backslash,Period,Backslash,190,220,4.0,0
Period,BracketLeft,Period,BracketLeft,190,219,2.0,0
Period,BracketRight,Period,BracketRight,190,221,3.0,0
Period,Comma,Period,Comma,190,188,1.0,1
Period,Digit0,Period,Digit0,190,48,3.0,0
Period,Digit1,Period,Digit1,190,49,8.0,0
Period,Digit2,Period,Digit2,190,50,7.0,0
Period,Digit3,Period,Digit3,190,51,6.0,0
Period,Digit4,Period,Digit4,190,52,5.0,0
Period,Digit5,Period,Digit5,190,53,4.0,0
Period,Digit6,Period,Digit6,190,54,3.0,0
Period,Digit7,Period,Digit7,190,55,3.0,0
Period,Digit8,Period,Digit8,190,56,3.0,0
Period,Digit9,Period,Digit9,190,57,3.0,0
Period,Equal,Period,Equal,190,187,3.0,0
Period,KeyA,Period,KeyA,190,65,8.0,0
Period,KeyB,Period,KeyB,190,66,4.0,0
Period,KeyC,Period,KeyC,190,67,6.0,0
Period,KeyD,Period,KeyD,190,68,6.0,0
Period,KeyE,Period,KeyE,190,69,6.0,0
Period,KeyF,Period,KeyF,190,70,5.0,0
Period,KeyG,Period,KeyG,190,71,4.0,0
Period,KeyH,Period,KeyH,190,72,3.0,0
Period,KeyI,Period,KeyI,190,73,2.0,0
Period,KeyJ,Period,KeyJ,190,74,2.0,0
Period,KeyK,Period,KeyK,190,75,1.0,1
Period,KeyL,Period,KeyL,190,76,1.0,1
Period,KeyM,Period,KeyM,190,77,2.0,0
Period,KeyN,Period,KeyN,190,78,3.0,0
Period,KeyO,Period,KeyO,190,79,2.0,0
Period,KeyP,Period,KeyP,190,80,2.0,0
Period,KeyQ,Period,KeyQ,190,81,8.0,0
Period,KeyR,Period,KeyR,190,82,5.0,0
Period,KeyS,Period,KeyS,190,83,7.0,0
Period,KeyT,Period,KeyT,190,84,4.0,0
Period,KeyU,Period,KeyU,190,85,2.0,0
Period,KeyV,Period,KeyV,190,86,5.0,0
Period,KeyW,Period,KeyW,190,87,7.0,0
Period,KeyX,Period,KeyX,190,88,7.0,0
Period,KeyY,Period,KeyY,190,89,3.0,0
Period,KeyZ,Period,KeyZ,190,90,8.0,0
Period,Minus,Period,Minus,190,189,3.0,0
Period,Period,Period,Period,190,190,0.0,0
Period,Quote,Period,Quote,190,222,2.0,0
Period,Semicolon,Period,Semicolon,190,186,1.0,1
Period,Slash,Period,Slash,190,191,1.0,1
Period,Space,Period,Space,190,32,,0
Quote,Backquote,Quote,Backquote,222,192,11.0,0
Quote,Backslash,Quote,Backslash,222,220,2.0,0
Quote,BracketLeft,Quote,BracketLeft,222,219,1.0,1
Quote,BracketRight,Quote,BracketRight,222,221,1.0,1
Quote,Comma,Quote,Comma,222,188,3.0,0
Quote,Digit0,Quote,Digit0,222,48,2.0,0
Quote,Digit1,Quote,Digit1,222,49,10.0,0
Quote,Digit2,Quote,Digit2,222,50,9.0,0
Quote,Digit3,Quote,Digit3,222,51,8.0,0
Quote,Digit4,Quote,Digit4,222,52,7.0,0
Quote,Digit5,Quote,Digit5,222,53,6.0,0
Quote,Digit6,Quote,Digit6,222,54,5.0,0
Quote,Digit7,Quote,Digit7,222,55,4.0,0
Quote,Digit8,Quote,Digit8,222,56,3.0,0
Quote,Digit9,Quote,Digit9,222,57,2.0,0
Quote,Equal,Quote,Equal,222,187,2.0,0
Quote,KeyA,Quote,KeyA,222,65,10.0,0
Quote,KeyB,Quote,KeyB,222,66,6.0,0
Quote,KeyC,Quote,KeyC,222,67,8.0,0
Quote,KeyD,Quote,KeyD,222,68,8.0,0
Quote,KeyE,Quote,KeyE,222,69,8.0,0
Quote,KeyF,Quote,KeyF,222,70,7.0,0
Quote,KeyG,Quote,KeyG,222,71,6.0,0
Quote,KeyH,Quote,KeyH,222,72,5.0,0
Quote,KeyI,Quote,KeyI,222,73,3.0,0
Quote,KeyJ,Quote,KeyJ,222,74,4.0,0
Quote,KeyK,Quote,KeyK,222,75,3.0,0
Quote,KeyL,Quote,KeyL,222,76,2.0,0
Quote,KeyM,Quote,KeyM,222,77,4.0,0
Quote,KeyN,Quote,KeyN,222,78,5.0,0
Quote,KeyO,Quote,KeyO,222,79,2.0,0
Quote,KeyP,Quote,KeyP,222,80,1.0,1
Quote,KeyQ,Quote,KeyQ,222,81,10.0,0
Quote,KeyR,Quote,KeyR,222,82,7.0,0
Quote,KeyS,Quote,KeyS,222,83,9.0,0
Quote,KeyT,Quote,KeyT,222,84,6.0,0
Quote,KeyU,Quote,KeyU,222,85,4.0,0
Quote,KeyV,Quote,KeyV,222,86,7.0,0
Quote,KeyW,Quote,KeyW,222,87,9.0,0
Quote,KeyX,Quote,KeyX,222,88,9.0,0
Quote,KeyY,Quote,KeyY,222,89,5.0,0
Quote,KeyZ,Quote,KeyZ,222,90,10.0,0
Quote,Minus,Quote,Minus,222,189,2.0,0
Quote,Period,Quote,Period,222,190,2.0,0
Quote,Quote,Quote,Quote,222,222,0.0,0
Quote,Semicolon,Quote,Semicolon,222,186,1.0,1
Quote,Slash,Quote,Slash,222,191,1.0,1
Quote,Space,Quote,Space,222,32,,0
Semicolon,Backquote,Semicolon,Backquote,186,192,10.0,0
Semicolon,Backslash,Semicolon,Backslash,186,220,3.0,0
Semicolon,BracketLeft,Semicolon,BracketLeft,186,219,1.0,1
Semicolon,BracketRight,Semicolon,BracketRight,186,221,2.0,0
Semicolon,Comma,Semicolon,Comma,186,188,2.0,0
Semicolon,Digit0,Semicolon,Digit0,186,48,2.0,0
Semicolon,Digit1,Semicolon,Digit1,186,49,9.0,0
Semicolon,Digit2,Semicolon,Digit2,186,50,8.0,0
Semicolon,Digit3,Semicolon,Digit3,186,51,7.0,0
Semicolon,Digit4,Semicolon,Digit4,186,52,6.0,0
Semicolon,Digit5,Semicolon,Digit5,186,53,5.0,0
Semicolon,Digit6,Semicolon,Digit6,186,54,4.0,0
Semicolon,Digit7,Semicolon,Digit7,186,55,3.0,0
Semicolon,Digit8,Semicolon,Digit8,186,56,2.0,0
Semicolon,Digit9,Semicolon,Digit9,186,57,2.0,0
Semicolon,Equal,Semicolon,Equal,186,187,2.0,0
Semicolon,KeyA,Semicolon,KeyA,186,65,9.0,0
Semicolon,KeyB,Semicolon,KeyB,186,66,5.0,0
Semicolon,KeyC,Semicolon,KeyC,186,67,7.0,0
Semicolon,KeyD,Semicolon,KeyD,186,68,7.0,0
Semicolon,KeyE,Semicolon,KeyE,186,69,7.0,0
Semicolon,KeyF,Semicolon,KeyF,186,70,6.0,0
Semicolon,KeyG,Semicolon,KeyG,186,71,5.0,0
Semicolon,KeyH,Semicolon,KeyH,186,72,4.0,0
Semicolon,KeyI,Semicolon,KeyI,186,73,2.0,0
Semicolon,KeyJ,Semicolon,KeyJ,186,74,3.0,0
Semicolon,KeyK,Semicolon,KeyK,186,75,2.0,0
Semicolon,KeyL,Semicolon,KeyL,186,76,1.0,1
Semicolon,KeyM,Semicolon,KeyM,186,77,3.0,0
Semicolon,KeyN,Semicolon,KeyN,186,78,4.0,0
Semicolon,KeyO,Semicolon,KeyO,186,79,1.0,1
Semicolon,KeyP,Semicolon,KeyP,186,80,1.0,1
Semicolon,KeyQ,Semicolon,KeyQ,186,81,9.0,0
Semicolon,KeyR,Semicolon,KeyR,186,82,6.0,0
Semicolon,KeyS,Semicolon,KeyS,186,83,8.0,0
Semicolon,KeyT,Semicolon,KeyT,186,84,5.0,0
Semicolon,KeyU,Semicolon,KeyU,186,85,3.0,0
Semicolon,KeyV,Semicolon,KeyV,186,86,6.0,0
Semicolon,KeyW,Semicolon,KeyW,186,87,8.0,0
Semicolon,KeyX,Semicolon,KeyX,186,88,8.0,0
Semicolon,KeyY,Semicolon,KeyY,186,89,4.0,0
Semicolon,KeyZ,Semicolon,KeyZ,186,90,9.0,0
Semicolon,Minus,Semicolon,Minus,186,189,2.0,0
Semicolon,Period,Semicolon,Period,186,190,1.0,1
Semicolon,Quote,Semicolon,Quote,186,222,1.0,1
Semicolon,Semicolon,Semicolon,Semicolon,186,186,0.0,0
Semicolon,Slash,Semicolon,Slash,186,191,1.0,1
Semicolon,Space,Semicolon,Space,186,32,,0
Slash,Backquote,Slash,Backquote,191,192,10.0,0
Slash,Backslash,Slash,Backslash,191,220,3.0,0
Slash,BracketLeft,Slash,BracketLeft,191,219,2.0,0
Slash,BracketRight,Slash,BracketRight,191,221,2.0,0
Slash,Comma,Slash,Comma,191,188,2.0,0
Slash,Digit0,Slash,Digit0,191,48,3.0,0
Slash,Digit1,Slash,Digit1,191,49,9.0,0
Slash,Digit2,Slash,Digit2,191,50,8.0,0
Slash,Digit3,Slash,Digit3,191,51,7.0,0
Slash,Digit4,Slash,Digit4,191,52,6.0,0
Slash,Digit5,Slash,Digit5,191,53,5.0,0
Slash,Digit6,Slash,Digit6,191,54,4.0,0
Slash,Digit7,Slash,Digit7,191,55,3.0,0
Slash,Digit8,Slash,Digit8,191,56,3.0,0
Slash,Digit9,Slash,Digit9,191,57,3.0,0
Slash,Equal,Slash,Equal,191,187,3.0,0
Slash,KeyA,Slash,KeyA,191,65,9.0,0
Slash,KeyB,Slash,KeyB,191,66,5.0,0
Slash,KeyC,Slash,KeyC,191,67,7.0,0
Slash,KeyD,Slash,KeyD,191,68,7.0,0
Slash,KeyE,Slash,KeyE,191,69,7.0,0
Slash,KeyF,Slash,KeyF,191,70,6.0,0
Slash,KeyG,Slash,KeyG,191,71,5.0,0
Slash,KeyH,Slash,KeyH,191,72,4.0,0
Slash,KeyI,Slash,KeyI,191,73,2.0,0
Slash,KeyJ,Slash,KeyJ,191,74,3.0,0
Slash,KeyK,Slash,KeyK,191,75,2.0,0
Slash,KeyL,Slash,KeyL,191,76,1.0,1
Slash,KeyM,Slash,KeyM,191,77,3.0,0
Slash,KeyN,Slash,KeyN,191,78,4.0,0
Slash,KeyO,Slash,KeyO,191,79,2.0,0
Slash,KeyP,Slash,KeyP,191,80,2.0,0
Slash,KeyQ,Slash,KeyQ,191,81,9.0,0
Slash,KeyR,Slash,KeyR,191,82,6.0,0
Slash,KeyS,Slash,KeyS,191,83,8.0,0
Slash,KeyT,Slash,KeyT,191,84,5.0,0
Slash,KeyU,Slash,KeyU,191,85,3.0,0
Slash,KeyV,Slash,KeyV,191,86,6.0,0
Slash,KeyW,Slash,KeyW,191,87,8.0,0
Slash,KeyX,Slash,KeyX,191,88,8.0,0
Slash,KeyY,Slash,KeyY,191,89,4.0,0
Slash,KeyZ,Slash,KeyZ,191,90,9.0,0
Slash,Minus,Slash,Minus,191,189,3.0,0
Slash,Period,Slash,Period,191,190,1.0,1
Slash,Quote,Slash,Quote,191,222,1.0,1
Slash,Semicolon,Slash,Semicolon,191,186,1.0,1
Slash,Slash,Slash,Slash,191,191,0.0,0
Slash,Space,Slash,Space,191,32,,0
Space,Backquote,Space,Backquote,32,192,,0
Space,Backslash,Space,Backslash,32,220,,0
Space,BracketLeft,Space,BracketLeft,32,219,,0
Space,BracketRight,Space,BracketRight,32,221,,0
Space,Comma,Space,Comma,32,188,,0
Space,Digit0,Space,Digit0,32,48,,0
Space,Digit1,Space,Digit1,32,49,,0
Space,Digit2,Space,Digit2,32,50,,0
Space,Digit3,Space,Digit3,32,51,,0
Space,Digit4,Space,Digit4,32,52,,0
Space,Digit5,Space,Digit5,32,53,,0
Space,Digit6,Space,Digit6,32,54,,0
Space,Digit7,Space,Digit7,32,55,,0
Space,Digit8,Space,Digit8,32,56,,0
Space,Digit9,Space,Digit9,32,57,,0
Space,Equal,Space,Equal,32,187,,0
Space,KeyA,Space,KeyA,32,65,,0
Space,KeyB,Space,KeyB,32,66,,0
Space,KeyC,Space,KeyC,32,67,,0
Space,KeyD,Space,KeyD,32,68,,0
Space,KeyE,Space,KeyE,32,69,,0
Space,KeyF,Space,KeyF,32,70,,0
Space,KeyG,Space,KeyG,32,71,,0
Space,KeyH,Space,KeyH,32,72,,0
Space,KeyI,Space,KeyI,32,73,,0
Space,KeyJ,Space,KeyJ,32,74,,0
Space,KeyK,Space,KeyK,32,75,,0
Space,KeyL,Space,KeyL,32,76,,0
Space,KeyM,Space,KeyM,32,77,,0
Space,KeyN,Space,KeyN,32,78,,0
Space,KeyO,Space,KeyO,32,79,,0
Space,KeyP,Space,KeyP,32,80,,0
Space,KeyQ,Space,KeyQ,32,81,,0
Space,KeyR,Space,KeyR,32,82,,0
Space,KeyS,Space,KeyS,32,83,,0
Space,KeyT,Space,KeyT,32,84,,0
Space,KeyU,Space,KeyU,32,85,,0
Space,KeyV,Space,KeyV,32,86,,0
Space,KeyW,Space,KeyW,32,87,,0
Space,KeyX,Space,KeyX,32,88,,0
Space,KeyY,Space,KeyY,32,89,,0
Space,KeyZ,Space,KeyZ,32,90,,0
Space,Minus,Space,Minus,32,189,,0
Space,Period,Space,Period,32,190,,0
Space,Quote,Space,Quote,32,222,,0
Space,Semicolon,Space,Semicolon,32,186,,0
Space,Slash,Space,Slash,32,191,,0
Space,Space,Space,Space,32,32,0.0,0
